// Generated by   : ImageConverter 565 Online
// Generated from : LilyGo.png
// Time generated : Thu, 27 Aug 26 04:32:15 +0200  (Server timezone: CET)
// Image Size     : 135x127 pixels
// Memory usage   : 34290 bytes


#if defined(__AVR__)
    #include <avr/pgmspace.h>
#elif defined(__PIC32MX__)
    #define PROGMEM
#elif defined(__arm__)
    #define PROGMEM
#endif

const unsigned short LilyGo[17145] PROGMEM={
0xFFFF, 0xFFFF, 0xFFFF, 0xFFFF, 0xFFFF, 0xFFFF, 0xFFFF, 0xFFFF, 0xFFFF, 0xFFFF, 0xFFFF, 0xFFFF, 0xFFFF, 0xFFFF, 0xFFFF, 0xFFFF,   // 0x0010 (16) pixels
0xFFFF, 0xFFFF, 0xFFFF, 0xFFFF, 0xFFFF, 0xFFFF, 0xFFFF, 0xFFFF, 0xFFFF, 0xFFFF, 0xFFFF, 0xFFFF, 0xFFFF, 0xFFFF, 0xFFFF, 0xFFFF,   // 0x0020 (32) pixels
0xFFFF, 0xFFFF, 0xFFFF, 0xFFFF, 0xFFFF, 0xFFFF, 0xFFFF, 0xFFFF, 0xFFFF, 0xFFFF, 0xFFFF, 0xFFFF, 0xFFFF, 0xFFFF, 0xFFFF, 0xFFFF,   // 0x0030 (48) pixels
0xFFFF, 0xFFFF, 0xFFFF, 0xFFFF, 0xFFFF, 0xFFFF, 0xFFFF, 0xFFFF, 0xFFFF, 0xFFFF, 0xFFFF, 0xFFFF, 0xFFFF, 0xFFFF, 0xFFFF, 0xFFFF,   // 0x0040 (64) pixels
0xFFFF, 0xFFFF, 0xFFFF, 0xFFFF, 0xFFFF, 0xFFFF, 0xFFFF, 0xFFFF, 0xFFFF, 0xFFFF, 0xFFFF, 0xFFFF, 0xFFFF, 0xFFFF, 0xFFFF, 0xFFFF,   // 0x0050 (80) pixels
0xFFFF, 0xFFFF, 0xFFFF, 0xFFFF, 0xFFFF, 0xFFFF, 0xFFFF, 0xFFFF, 0xFFFF, 0xFFFF, 0xFFFF, 0xFFFF, 0xFFFF, 0xFFFF, 0xFFFF, 0xFFFF,   // 0x0060 (96) pixels
0xFFFF, 0xFFFF, 0xFFFF, 0xFFFF, 0xFFFF, 0xFFFF, 0xFFFF, 0xFFFF, 0xFFFF, 0xFFFF, 0xFFFF, 0xFFFF, 0xFFFF, 0xFFFF, 0xFFFF, 0xFFFF,   // 0x0070 (112) pixels
0xFFFF, 0xFFFF, 0xFFFF, 0xFFFF, 0xFFFF, 0xFFFF, 0xFFFF, 0xFFFF, 0xFFFF, 0xFFFF, 0xFFFF, 0xFFFF, 0xFFFF, 0xFFFF, 0xFFFF, 0xFFFF,   // 0x0080 (128) pixels
0xFFFF, 0xFFFF, 0xFFFF, 0xFFFF, 0xFFFF, 0xFFFF, 0xFFFF, 0xFFFF, 0xFFFF, 0xFFFF, 0xFFFF, 0xFFFF, 0xFFFF, 0xFFFF, 0xFFFF, 0xFFFF,   // 0x0090 (144) pixels
0xFFFF, 0xFFFF, 0xFFFF, 0xFFFF, 0xFFFF, 0xFFFF, 0xFFFF, 0xFFFF, 0xFFFF, 0xFFFF, 0xFFFF, 0xFFFF, 0xFFFF, 0xFFFF, 0xFFFF, 0xFFFF,   // 0x00A0 (160) pixels
0xFFFF, 0xFFFF, 0xFFFF, 0xFFFF, 0xFFFF, 0xFFFF, 0xFFFF, 0xFFFF, 0xFFFF, 0xFFFF, 0xFFFF, 0xFFFF, 0xFFFF, 0xFFFF, 0xFFFF, 0xFFFF,   // 0x00B0 (176) pixels
0xFFFF, 0xFFFF, 0xFFFF, 0xFFFF, 0xFFFF, 0xFFFF, 0xFFFF, 0xFFFF, 0xFFFF, 0xFFFF, 0xFFFF, 0xFFFF, 0xFFFF, 0xFFFF, 0xFFFF, 0xFFFF,   // 0x00C0 (192) pixels
0xFFFF, 0xFFFF, 0xFFFF, 0xFFFF, 0xFFFF, 0xFFFF, 0xFFFF, 0xFFFF, 0xFFFF, 0xFFFF, 0xFFFF, 0xFFFF, 0xFFFF, 0xFFFF, 0xFFFF, 0xFFFF,   // 0x00D0 (208) pixels
0xFFFF, 0xFFFF, 0xFFFF, 0xFFFF, 0xFFFF, 0xFFFF, 0xFFFF, 0xFFFF, 0xFFFF, 0xFFFF, 0xFFFF, 0xFFFF, 0xFFFF, 0xFFFF, 0xFFFF, 0xFFFF,   // 0x00E0 (224) pixels
0xFFFF, 0xFFFF, 0xFFFF, 0xFFFF, 0xFFFF, 0xFFFF, 0xFFFF, 0xFFFF, 0xFFFF, 0xFFFF, 0xFFFF, 0xFFFF, 0xFFFF, 0xFFFF, 0xFFFF, 0xFFFF,   // 0x00F0 (240) pixels
0xFFFF, 0xFFFF, 0xFFFF, 0xFFFF, 0xFFFF, 0xFFFF, 0xFFFF, 0xFFFF, 0xFFFF, 0xFFFF, 0xFFFF, 0xFFFF, 0xFFFF, 0xFFFF, 0xFFFF, 0xFFFF,   // 0x0100 (256) pixels
0xFFFF, 0xFFFF, 0xFFFF, 0xFFFF, 0xFFFF, 0xFFFF, 0xFFFF, 0xFFFF, 0xFFFF, 0xFFFF, 0xFFFF, 0xFFFE, 0xFFFF, 0xFFFF, 0xFFFF, 0xFFFF,   // 0x0110 (272) pixels
0xFFFE, 0xE6B5, 0xAD11, 0xB532, 0xACF1, 0xA4F0, 0xACF1, 0xACF1, 0xAD11, 0xAD31, 0xAD31, 0xA511, 0xA511, 0xAD11, 0xACF1, 0xA4D1,   // 0x0120 (288) pixels
0xA4D0, 0xA4D0, 0x9CB0, 0x9C8F, 0x9C6F, 0x9C8F, 0xA4AF, 0xA4B0, 0xA4F0, 0xA4F1, 0xA511, 0xA511, 0xA4F1, 0xA4F1, 0xA4F0, 0xACF0,   // 0x0130 (304) pixels
0xAD10, 0xA510, 0xA4F0, 0xA4F0, 0xA4F0, 0xA4D0, 0xA4D0, 0x9C8F, 0x9C6E, 0x944E, 0x9C6F, 0x9C8F, 0x9C8F, 0xA4B0, 0xA4D0, 0xA4D0,   // 0x0140 (320) pixels
0xA4D0, 0xA4AF, 0x9CAF, 0x9C8F, 0x9C8F, 0x9CAF, 0xA4AF, 0xA4D0, 0xA4B0, 0xA4AF, 0xA4AF, 0x9CCF, 0xBDB2, 0xFFDD, 0xFFFF, 0xFFFF,   // 0x0150 (336) pixels
0xFFFF, 0xFFFF, 0xFFFF, 0xFFFF, 0xFFFF, 0xF79D, 0xDEFB, 0xDEFA, 0xDEDA, 0xDEFB, 0xDEFC, 0xDEFB, 0xDEFB, 0xDF1C, 0xDEFC, 0xDEFB,   // 0x0160 (352) pixels
0xE71C, 0xE71C, 0xDEFB, 0xDEFC, 0xDEFB, 0xDEFB, 0xDEFB, 0xDEFB, 0xDEFB, 0xDEFB, 0xDEFB, 0xDEFB, 0xDEFB, 0xDEFB, 0xDEFB, 0xDEFB,   // 0x0170 (368) pixels
0xDEFB, 0xDEFB, 0xDEFB, 0xDEFC, 0xDEFC, 0xDEFB, 0xDEFC, 0xE71C, 0xE71C, 0xDEFB, 0xDEFC, 0xDEFC, 0xDEFB, 0xDEFB, 0xDF1B, 0xDEFB,   // 0x0180 (384) pixels
0xDEFB, 0xDEFB, 0xE71C, 0xE71B, 0xE6FB, 0xE71B, 0xE71C, 0xDEFB, 0xDEFB, 0xE71C, 0xE71C, 0xE71C, 0xDEFC, 0xE71C, 0xDEFB, 0xE71C,   // 0x0190 (400) pixels
0xDEFB, 0xD679, 0xC5F6, 0xFFFF, 0xFFFF, 0xFFFF, 0xFFFF, 0xFFDE, 0x8BCB, 0x4A27, 0x4207, 0x39E7, 0x39E7, 0x39C7, 0x39C6, 0x39C6,   // 0x01A0 (416) pixels
0x39C6, 0x39C6, 0x39C6, 0x39C6, 0x39C6, 0x39C6, 0x4229, 0x6B8F, 0x6B90, 0x6B90, 0x6B90, 0x6B8F, 0x6BB0, 0x6B8F, 0x6B8F, 0x6B6F,   // 0x01B0 (432) pixels
0x6B90, 0x6BB0, 0x73B0, 0x6BB0, 0x6BB0, 0x6BB0, 0x6BD0, 0x6BB0, 0x73B0, 0x6BB0, 0x6BB0, 0x6BB0, 0x6BB0, 0x6BD0, 0x73D0, 0x73F1,   // 0x01C0 (448) pixels
0x73F1, 0x73F1, 0x73D1, 0x73D1, 0x73F1, 0x3A08, 0x31A6, 0x3186, 0x3186, 0x3186, 0x3185, 0x3185, 0x3185, 0x3186, 0x3186, 0x31A6,   // 0x01D0 (464) pixels
0x31A6, 0x39C6, 0x39E6, 0x83ED, 0xFFDE, 0xFFFF, 0xFFFF, 0xFFFF, 0xFFFF, 0xFFFF, 0xFFFF, 0xFFFF, 0xF79E, 0xDEDB, 0xD69A, 0xD699,   // 0x01E0 (480) pixels
0xCE7A, 0xD69A, 0xCE78, 0xCE79, 0xD69A, 0xCE79, 0xD69A, 0xD69A, 0xD69A, 0xD69A, 0xD69A, 0xD69A, 0xD69A, 0xD69A, 0xD69A, 0xD69A,   // 0x01F0 (496) pixels
0xD69A, 0xD69A, 0xD69A, 0xD69A, 0xD69A, 0xD69A, 0xD69A, 0xD69A, 0xD69A, 0xD69A, 0xD69A, 0xD69A, 0xD69A, 0xD69A, 0xD69A, 0xD69A,   // 0x0200 (512) pixels
0xD69A, 0xD69A, 0xC617, 0xA4F2, 0xBDF6, 0xD69A, 0xD679, 0xA4F2, 0x9CF3, 0xD69A, 0xD69A, 0xB594, 0x8C50, 0xC638, 0xCE99, 0xCE38,   // 0x0210 (528) pixels
0xD69A, 0xCE79, 0xD679, 0xD679, 0xD699, 0xD69A, 0xC638, 0xCE79, 0xD69A, 0xB595, 0xFFFF, 0xFFFF, 0xFFFF, 0xFFFF, 0xFFDE, 0x734A,   // 0x0220 (544) pixels
0x39E7, 0x39C6, 0x31A6, 0x3186, 0x3186, 0x3186, 0x3185, 0x2985, 0x2985, 0x2965, 0x2965, 0x2965, 0x3185, 0x52AC, 0xD71C, 0xDF1B,   // 0x0230 (560) pixels
0xDF1C, 0xDF1B, 0xDF1B, 0xDF1B, 0xDF1B, 0xDF1B, 0xDF3B, 0xDF1B, 0xDF1B, 0xDF1B, 0xDF1B, 0xDF1B, 0xDF1B, 0xDF1B, 0xDF1B, 0xDF1B,   // 0x0240 (576) pixels
0xDF1B, 0xDF1B, 0xDF1B, 0xDF1B, 0xDF1B, 0xDF1B, 0xD6FA, 0xDF1B, 0xDF1B, 0xDF1C, 0xDF1C, 0xD71C, 0x4A6A, 0x2945, 0x2945, 0x2945,   // 0x0250 (592) pixels
0x2945, 0x2945, 0x2945, 0x2944, 0x2124, 0x2924, 0x2944, 0x2965, 0x2965, 0x31A6, 0x83CD, 0xFFFE, 0xFFFF, 0xFFFF, 0xFFFF, 0xFFFF,   // 0x0260 (608) pixels
0xFFFF, 0xFFFF, 0xFFFF, 0xF79E, 0xD69A, 0xD69A, 0xAD54, 0x8C93, 0xCE58, 0x736C, 0x6B4C, 0x9CB1, 0x7BEF, 0xCE5A, 0xCE7A, 0xD67A,   // 0x0270 (624) pixels
0xD679, 0xCE79, 0xCE7A, 0xCE7A, 0xD679, 0xCE99, 0xD679, 0xCE7A, 0xD69A, 0xD67A, 0xCE79, 0xD679, 0xCE9A, 0xD679, 0xD679, 0xD699,   // 0x0280 (640) pixels
0xCE58, 0xCE38, 0xD659, 0xD69A, 0xCE99, 0xCE38, 0xCE17, 0xCE59, 0xCE59, 0x6B4C, 0x5269, 0x62EB, 0xC618, 0x7BCF, 0x634E, 0xA556,   // 0x0290 (656) pixels
0xCE7A, 0xAD54, 0x52AA, 0x94D3, 0xC65A, 0xCE9A, 0xB5D7, 0xB596, 0xAD54, 0x7BEF, 0x6B2C, 0x9470, 0xAD33, 0xAD55, 0xCE9A, 0xD69A,   // 0x02A0 (672) pixels
0xC638, 0xFFFF, 0xFFFF, 0xFFFF, 0xFFFF, 0xFFFE, 0x734A, 0x39C7, 0x31A6, 0x3186, 0x2965, 0x2965, 0x2965, 0x2965, 0x2945, 0x2945,   // 0x02B0 (688) pixels
0x2945, 0x2945, 0x2945, 0x2965, 0x52AC, 0xD71C, 0xDF1B, 0xDF1B, 0xDEFB, 0xDF1B, 0xDF1B, 0xDF1B, 0xDF1B, 0xDEFB, 0xDEFB, 0xDF1B,   // 0x02C0 (704) pixels
0xDF1B, 0xDF1B, 0xDF1B, 0xDF1B, 0xDEFC, 0xDF1B, 0xDEFA, 0xDF1B, 0xDF1B, 0xDF1B, 0xDF1B, 0xDF1A, 0xDEFA, 0xDF1A, 0xDF1B, 0xDF1B,   // 0x02D0 (720) pixels
0xDF1B, 0xDF1B, 0xD6FB, 0x3A08, 0x2925, 0x2124, 0x2124, 0x2124, 0x2124, 0x2124, 0x2124, 0x2124, 0x2124, 0x2125, 0x2945, 0x2965,   // 0x02E0 (736) pixels
0x3186, 0x7BCD, 0xFFDE, 0xFFFF, 0xFFFF, 0xFFFF, 0xFFFF, 0xFFFF, 0xFFFF, 0xFFFF, 0xF79E, 0xD69A, 0xD67A, 0xAD34, 0x8431, 0xCE37,   // 0x02F0 (752) pixels
0x5AEB, 0x5AAA, 0x52AB, 0xC659, 0xCE9A, 0xCE7A, 0xCE79, 0x7BAD, 0x94D3, 0xCE7A, 0xCE59, 0x734C, 0xA534, 0x83CD, 0x9451, 0xD69A,   // 0x0300 (768) pixels
0xC638, 0x630A, 0xA513, 0xC5F6, 0x62C9, 0xAD35, 0x9CD1, 0x4A27, 0x39A6, 0x528A, 0xC659, 0x94B1, 0x41E6, 0x39A6, 0x5AAA, 0xBDD7,   // 0x0310 (784) pixels
0x6B4D, 0x528A, 0x630C, 0xB5B6, 0x5ACB, 0xCE5A, 0xCE7A, 0xD67A, 0x630C, 0x738D, 0xAD75, 0xCE9A, 0xD69A, 0xCE7A, 0xBDF8, 0x7BF0,   // 0x0320 (800) pixels
0xA576, 0xAD56, 0x8431, 0x7BAF, 0xCE7A, 0xD69A, 0xD69A, 0xCE59, 0xFFFF, 0xFFFF, 0xFFFF, 0xFFFF, 0xFFFE, 0x734A, 0x31A6, 0x3186,   // 0x0330 (816) pixels
0x2965, 0x2965, 0x2965, 0x2945, 0x2945, 0x2125, 0x2945, 0x2124, 0x2945, 0x2125, 0x2945, 0x52CB, 0xDF1C, 0xC658, 0xBDF7, 0xDF1B,   // 0x0340 (832) pixels
0xDF1B, 0xAD96, 0xD6BA, 0xB5B6, 0xCE79, 0xDF1B, 0xCE9A, 0xA554, 0xDF1B, 0xDEFB, 0x9D13, 0xDF1B, 0xBDF7, 0x8430, 0x7C2F, 0xB5D6,   // 0x0350 (848) pixels
0xDF1B, 0xBDF7, 0x8430, 0x8430, 0xB5D6, 0xDF1B, 0xAD75, 0x9D13, 0xC679, 0xD6FB, 0x39E8, 0x2124, 0x2104, 0x2124, 0x2124, 0x2104,   // 0x0360 (864) pixels
0x2124, 0x2104, 0x2104, 0x2124, 0x2124, 0x2125, 0x2945, 0x3186, 0x7BCD, 0xFFFF, 0xFFFF, 0xFFFF, 0xFFFF, 0xFFFF, 0xFFFF, 0xFFFF,   // 0x0370 (880) pixels
0xFFFF, 0xF79E, 0xD69A, 0xD67A, 0xBDD7, 0x52AB, 0x62EB, 0x738F, 0x632E, 0x8CB4, 0x7BAF, 0xC659, 0xCE9A, 0xCE79, 0x4A27, 0x73AF,   // 0x0380 (896) pixels
0xCE7A, 0xCE58, 0x39A6, 0x8C72, 0x5289, 0x6B6E, 0xD67A, 0xCE7A, 0x73AF, 0x4207, 0x6B2C, 0x4A8A, 0xBE18, 0x39C6, 0x634E, 0xAD96,   // 0x0390 (912) pixels
0xAD55, 0xC638, 0x39C7, 0x7411, 0xAD98, 0x4229, 0x7BCF, 0xAD77, 0x8C52, 0xA515, 0xC619, 0x5AEB, 0xCE59, 0xD67A, 0xD67A, 0x632D,   // 0x03A0 (928) pixels
0x738E, 0xAD76, 0xD67A, 0xD69A, 0xD67A, 0xCE7A, 0x9CF4, 0xA534, 0x7BEF, 0x7BAF, 0xB5B7, 0xD69A, 0xD69A, 0xD69A, 0xCE59, 0xFFFF,   // 0x03B0 (944) pixels
0xFFFF, 0xFFFF, 0xFFFF, 0xFFDE, 0x734B, 0x31A6, 0x3186, 0x2965, 0x2945, 0x2945, 0x2945, 0x2125, 0x2125, 0x2125, 0x2124, 0x2124,   // 0x03C0 (960) pixels
0x2125, 0x2145, 0x4AAB, 0xDEFC, 0xAD75, 0x9CF3, 0xDEFB, 0xDEFB, 0x8430, 0xC638, 0x8C71, 0xBDF7, 0xDEFB, 0xDEFB, 0x6B8E, 0xC658,   // 0x03D0 (976) pixels
0xA534, 0x9CF3, 0xC659, 0x632C, 0xCE99, 0xD6BA, 0xD6BA, 0xD6BA, 0x632C, 0xD6BA, 0xD6BA, 0x634C, 0xCE79, 0x73AE, 0x73AE, 0x9CF3,   // 0x03E0 (992) pixels
0xD6BB, 0x31C7, 0x2104, 0x2104, 0x2104, 0x2104, 0x2104, 0x2104, 0x2104, 0x2104, 0x2104, 0x2104, 0x2124, 0x2945, 0x2965, 0x7BAD,   // 0x03F0 (1008) pixels
0xFFDE, 0xFFFF, 0xFFFF, 0xFFFF, 0xFFFF, 0xFFFF, 0xFFFF, 0xFFFF, 0xF79E, 0xD69A, 0xD69A, 0xCE58, 0x8C2F, 0x7BCE, 0x9491, 0xB594,   // 0x0400 (1024) pixels
0x840E, 0x840F, 0xC618, 0xCE7A, 0xCE79, 0x4A48, 0x73AF, 0xCE7A, 0xCE39, 0x39A6, 0x8C72, 0x5289, 0x6B6E, 0xCE9A, 0xD69A, 0xC619,   // 0x0410 (1040) pixels
0x4208, 0x2965, 0xAD76, 0xB5B6, 0x2124, 0x8C72, 0x5AAA, 0x4207, 0xA534, 0x2945, 0xAD75, 0xCE5A, 0x632C, 0x632C, 0xCE9A, 0xCE9A,   // 0x0420 (1056) pixels
0xCE7A, 0xCE7A, 0x8431, 0x6B6D, 0xAD74, 0xCE99, 0xAD96, 0x52AA, 0x9CB1, 0xCE79, 0xD69A, 0xCE7A, 0xCE7A, 0xAD55, 0xA554, 0x9493,   // 0x0430 (1072) pixels
0xA515, 0xCE79, 0xD69A, 0xD69A, 0xD69B, 0xCE79, 0xFFFF, 0xFFFF, 0xFFFF, 0xFFFF, 0xFFDE, 0x734B, 0x31A6, 0x2965, 0x2965, 0x2945,   // 0x0440 (1088) pixels
0x2945, 0x2125, 0x2125, 0x2124, 0x2124, 0x2124, 0x2124, 0x2124, 0x2145, 0x4A8B, 0xDF1C, 0xAD75, 0x9CF3, 0xDEFB, 0xDEFB, 0x8450,   // 0x0450 (1104) pixels
0xC638, 0x8C71, 0xBDF7, 0xDEFB, 0xDEFB, 0xCE79, 0x6B6D, 0x6B8E, 0xDEFB, 0x9D14, 0x9D14, 0xDEFB, 0xBE18, 0xCE79, 0xBDF7, 0x8430,   // 0x0460 (1120) pixels
0xDF1B, 0xDF1B, 0x8C91, 0xB5B6, 0x8430, 0x8430, 0xB5B6, 0xD6DB, 0x39E8, 0x2104, 0x2104, 0x2104, 0x2104, 0x2104, 0x2104, 0x2104,   // 0x0470 (1136) pixels
0x2104, 0x2104, 0x2104, 0x2124, 0x2945, 0x2965, 0x7BCD, 0xFFDE, 0xFFFF, 0xFFFF, 0xFFFF, 0xFFFF, 0xFFFF, 0xFFFF, 0xFFFF, 0xF79E,   // 0x0480 (1152) pixels
0xD6BA, 0xCE9A, 0xAD75, 0x632D, 0xA537, 0xAD97, 0x6B4D, 0x94B4, 0x73AF, 0x8C72, 0xCE7A, 0xCE79, 0x5269, 0x738E, 0xCE58, 0xC617,   // 0x0490 (1168) pixels
0x31A6, 0x8C72, 0x52AA, 0x634C, 0xC638, 0xCE79, 0xCE7A, 0x7BCF, 0x52CB, 0xCE7A, 0xCE39, 0x31A6, 0x7BCE, 0xA534, 0x2945, 0xB597,   // 0x04A0 (1184) pixels
0x39C7, 0x8C30, 0xBDB5, 0x4228, 0x7C10, 0xCE9A, 0xCE9A, 0xD69A, 0xD69A, 0xCE7A, 0xA535, 0x9CD4, 0xCE7A, 0xCE79, 0xBDF8, 0x8C93,   // 0x04B0 (1200) pixels
0xCE59, 0xD69A, 0xCE7A, 0xCE7A, 0xAD75, 0xA514, 0xB5B7, 0x9492, 0xCE79, 0xD69A, 0xD69A, 0xD69B, 0xCE79, 0xFFFF, 0xFFFF, 0xFFFF,   // 0x04C0 (1216) pixels
0xFFFF, 0xFFDE, 0x732A, 0x3186, 0x2965, 0x2945, 0x2945, 0x2145, 0x2125, 0x2125, 0x2124, 0x2124, 0x2124, 0x2124, 0x2124, 0x2124,   // 0x04D0 (1232) pixels
0x4A8B, 0xDF1C, 0xAD75, 0x9CF3, 0xDEFB, 0xDF1B, 0x8450, 0xC658, 0x8C91, 0xBDF7, 0xDEFB, 0xDEFB, 0xDEFB, 0x7C10, 0xBE18, 0xDF1C,   // 0x04E0 (1248) pixels
0x9D14, 0x9D14, 0xD6DB, 0x94B2, 0x73AE, 0xBE17, 0x8430, 0xDF1B, 0xDF1B, 0x8C92, 0xB5D6, 0xDF1B, 0xDEFB, 0xDF3C, 0xDEFB, 0x39E8,   // 0x04F0 (1264) pixels
0x2104, 0x2104, 0x2104, 0x1904, 0x1904, 0x1904, 0x1904, 0x2104, 0x2104, 0x2104, 0x2124, 0x2945, 0x2965, 0x83CD, 0xFFFE, 0xFFFF,   // 0x0500 (1280) pixels
0xFFFF, 0xFFFF, 0xFFFF, 0xFFFF, 0xFFFF, 0xFFFF, 0xF79E, 0xD6BA, 0xD69A, 0xAD75, 0x6B6E, 0xB595, 0xBDB5, 0x736D, 0x5ACB, 0x4A49,   // 0x0510 (1296) pixels
0x8432, 0xCE7A, 0xCE79, 0x5AEB, 0x2986, 0x39C7, 0x8430, 0x39C8, 0x8C93, 0x5ACB, 0x2966, 0x31A6, 0x8431, 0xCE7A, 0x8431, 0x630D,   // 0x0520 (1312) pixels
0xCE9A, 0xCE9A, 0x8C52, 0x3187, 0x2986, 0x31A7, 0xBDF8, 0x8452, 0x39C8, 0x31A7, 0x4A8B, 0xBDD8, 0xD69A, 0xD69A, 0xD69A, 0xCE7A,   // 0x0530 (1328) pixels
0xA534, 0x5AA9, 0x5AEA, 0xBDD6, 0x8C2E, 0x736C, 0xA4F2, 0xCE79, 0xD69A, 0xCE7A, 0xC658, 0x9CD3, 0xB596, 0xBE17, 0x5AEB, 0xAD74,   // 0x0540 (1344) pixels
0xD69A, 0xD69A, 0xD69A, 0xCE79, 0xFFFF, 0xFFFF, 0xFFFF, 0xFFFF, 0xFFDE, 0x734A, 0x3186, 0x2965, 0x2945, 0x2945, 0x2125, 0x2124,   // 0x0550 (1360) pixels
0x2124, 0x2124, 0x2124, 0x2104, 0x2104, 0x2124, 0x2124, 0x424A, 0xD6FB, 0xAD75, 0x94B2, 0xCE79, 0xD6BA, 0x8430, 0xC658, 0x8C71,   // 0x0560 (1376) pixels
0xAD75, 0xCE79, 0xD6BA, 0xDEFB, 0x8430, 0xC638, 0xDEFB, 0xC638, 0x634D, 0xCEBA, 0xCE99, 0x73AE, 0xD6DA, 0x632C, 0xCE99, 0xCE99,   // 0x0570 (1392) pixels
0x636D, 0xCEBA, 0xD71B, 0xDF1B, 0xDF1B, 0xD6DB, 0x39E8, 0x2104, 0x2104, 0x2104, 0x1904, 0x1904, 0x1904, 0x1904, 0x1904, 0x2104,   // 0x0580 (1408) pixels
0x2104, 0x2124, 0x2945, 0x2965, 0x83CD, 0xFFFE, 0xFFFF, 0xFFFF, 0xFFFF, 0xFFFF, 0xFFFF, 0xFFFF, 0xFFFF, 0xF7BE, 0xD6BB, 0xD69A,   // 0x0590 (1424) pixels
0xCE59, 0x8C73, 0x7C31, 0x8C93, 0x9D15, 0xC639, 0xB5D7, 0xAD77, 0xCE7A, 0xCE7A, 0xBE18, 0xB5D8, 0xB5D8, 0xC639, 0xBDF8, 0xC639,   // 0x05A0 (1440) pixels
0xBE19, 0xBDF8, 0xBDF9, 0xC659, 0xCE7A, 0xC65A, 0xC659, 0xCE9A, 0xCE99, 0xCE79, 0xC659, 0xBE39, 0xC659, 0xCE7A, 0xCE7A, 0xC659,   // 0x05B0 (1456) pixels
0xC639, 0xCE7A, 0xCE9A, 0xD69A, 0xD69A, 0xD69A, 0xCE7A, 0x73AF, 0x7C11, 0xB5B7, 0x630C, 0x52AA, 0x5ACB, 0x5AEB, 0xB596, 0xD69A,   // 0x05C0 (1472) pixels
0xC639, 0xAD76, 0xC659, 0x9CF4, 0xA576, 0x8452, 0xAD76, 0xBDF7, 0xD69A, 0xD69A, 0xCE79, 0xFFFF, 0xFFFF, 0xFFFF, 0xFFFF, 0xFFFE,   // 0x05D0 (1488) pixels
0x734B, 0x3186, 0x2965, 0x2945, 0x2945, 0x2125, 0x2124, 0x2124, 0x2124, 0x2124, 0x2104, 0x2104, 0x2104, 0x2124, 0x424A, 0xD6FB,   // 0x05E0 (1504) pixels
0xBE38, 0x7C10, 0x7C10, 0xA534, 0xAD96, 0xCEBA, 0xB5B6, 0x7C10, 0x7C10, 0xB5B6, 0xDEFB, 0xAD95, 0xCE99, 0xDEFB, 0xDEFB, 0xADB6,   // 0x05F0 (1520) pixels
0x7C0F, 0x7C0F, 0xAD75, 0xDF1B, 0xB5F6, 0x7C0F, 0x7C0F, 0xB5D6, 0xDF1B, 0xDF1B, 0xDF1B, 0xDF1B, 0xDEFB, 0x39E8, 0x18E4, 0x1904,   // 0x0600 (1536) pixels
0x1904, 0x18E4, 0x18E4, 0x18E4, 0x18E4, 0x1904, 0x2104, 0x2104, 0x2124, 0x2124, 0x2965, 0x7BCD, 0xFFFE, 0xFFFF, 0xFFFF, 0xFFFF,   // 0x0610 (1552) pixels
0xFFFF, 0xFFFF, 0xFFFF, 0xFFFF, 0xF7BE, 0xDEBB, 0xD69A, 0xBDD6, 0x9CD3, 0xAD54, 0xAD35, 0xA514, 0xB5B6, 0xBDF6, 0xAD34, 0xA4F3,   // 0x0620 (1568) pixels
0xC659, 0xCE79, 0xBDF7, 0xA4F3, 0xC5F7, 0xB575, 0xAD54, 0xAD34, 0xB595, 0xAD34, 0x9CB2, 0xC639, 0xC618, 0x8C71, 0xC618, 0xC638,   // 0x0630 (1584) pixels
0x9471, 0xAD74, 0x9CF2, 0x9492, 0xA4F3, 0x9471, 0xAD54, 0xCE79, 0x9CD3, 0xBDB6, 0xAD54, 0xB596, 0xD69A, 0xD67A, 0x738E, 0x5ACA,   // 0x0640 (1600) pixels
0x6B6C, 0x4A69, 0x632D, 0xC619, 0xB596, 0xD67A, 0xD69A, 0xC639, 0xBDF7, 0xC617, 0xC617, 0xBDF6, 0xBDF6, 0xBDD6, 0xC5F7, 0xCE9A,   // 0x0650 (1616) pixels
0xD69A, 0xCE58, 0xFFFF, 0xFFFF, 0xFFFF, 0xFFFF, 0xFFFE, 0x734B, 0x3186, 0x2965, 0x2945, 0x2125, 0x2124, 0x2104, 0x2104, 0x2104,   // 0x0660 (1632) pixels
0x2104, 0x2104, 0x2104, 0x2104, 0x2124, 0x424A, 0xD6FB, 0xDF1B, 0xDF1B, 0xDF1B, 0xDF1B, 0xDF1B, 0xDF1B, 0xDF1B, 0xDF1B, 0xDF1B,   // 0x0670 (1648) pixels
0xDF1B, 0xDF1B, 0xDF1B, 0xDF1B, 0xDF1B, 0xDF1B, 0xDF1B, 0xDF1B, 0xDF1B, 0xDF1B, 0xDF1B, 0xDF1B, 0xDF1B, 0xDF1B, 0xDF1B, 0xDF1B,   // 0x0680 (1664) pixels
0xDF1B, 0xDF1B, 0xDF1B, 0xD6FA, 0x39E8, 0x1904, 0x18E4, 0x18E4, 0x18E4, 0x18E4, 0x18E4, 0x18E4, 0x18E4, 0x2104, 0x2104, 0x2124,   // 0x0690 (1680) pixels
0x2124, 0x2965, 0x7BAC, 0xFFDE, 0xFFFF, 0xFFFF, 0xFFFF, 0xFFFF, 0xFFFF, 0xFFFF, 0xFFFF, 0xF7BE, 0xD6BB, 0xD69A, 0xA514, 0x9492,   // 0x06A0 (1696) pixels
0x9493, 0xBE18, 0x94B3, 0xCE79, 0xA514, 0x8410, 0xA514, 0x9CF3, 0xC639, 0xCE58, 0x8C92, 0x8C51, 0x738E, 0x9CD3, 0x9CD3, 0x7BF0,   // 0x06B0 (1712) pixels
0xA514, 0x7BF0, 0xB5B7, 0xB5D7, 0x94B2, 0xBDD7, 0xA534, 0x9CF3, 0x8410, 0x7BCF, 0x8410, 0x7BCF, 0x7BF0, 0x8431, 0xC638, 0x6B2D,   // 0x06C0 (1728) pixels
0x8C51, 0x736E, 0xC618, 0xD67A, 0xD67A, 0x7BAF, 0x8432, 0xAD97, 0x52AA, 0x52A9, 0x7BCE, 0x840F, 0xC617, 0xD69A, 0xC619, 0x3186,   // 0x06D0 (1744) pixels
0x2923, 0x2924, 0x2903, 0x2103, 0x2903, 0x83EF, 0xCE9A, 0xD69A, 0xC638, 0xFFFF, 0xFFFF, 0xFFFF, 0xFFFF, 0xFFDE, 0x734B, 0x3186,   // 0x06E0 (1760) pixels
0x2965, 0x2945, 0x2125, 0x2124, 0x2104, 0x2104, 0x2104, 0x1904, 0x1904, 0x2104, 0x2104, 0x2104, 0x3A09, 0xC658, 0xC657, 0xC637,   // 0x06F0 (1776) pixels
0xC637, 0xC637, 0xC658, 0xBE16, 0xBE16, 0xC637, 0xC617, 0xC637, 0xC637, 0xC617, 0xBDF6, 0xBE16, 0xBE16, 0xC617, 0xC637, 0xC657,   // 0x0700 (1792) pixels
0xC637, 0xBE17, 0xBE17, 0xBE16, 0xC637, 0xC637, 0xC637, 0xC637, 0xBE16, 0xBE16, 0xBDF6, 0x31C7, 0x18E4, 0x18E4, 0x18E3, 0x18E4,   // 0x0710 (1808) pixels
0x18E4, 0x18E4, 0x18E4, 0x1904, 0x2104, 0x2124, 0x2124, 0x2125, 0x2965, 0x7BAD, 0xFFDE, 0xFFFF, 0xFFFF, 0xFFFF, 0xFFFF, 0xFFFF,   // 0x0720 (1824) pixels
0xFFFF, 0xFFFF, 0xF7BE, 0xD6BB, 0xD69A, 0xB5D7, 0xBE39, 0x9D14, 0xA515, 0x8C93, 0xADB7, 0xB5B6, 0x94B3, 0x8C72, 0xB5D7, 0xC638,   // 0x0730 (1840) pixels
0xA554, 0x8C72, 0xA515, 0xA555, 0x9D14, 0x9CF4, 0xAD96, 0xC639, 0x8C92, 0xC639, 0xCE7A, 0xAD96, 0xCE9A, 0xC639, 0x94D3, 0xA556,   // 0x0740 (1856) pixels
0x9D14, 0x9493, 0x9D14, 0xCE5A, 0xA514, 0x94B3, 0xB5D7, 0xAD76, 0xAD76, 0xD69A, 0xD69A, 0xD69A, 0x7BD0, 0x94D3, 0xCE9A, 0x9CD4,   // 0x0750 (1872) pixels
0x52AB, 0x4A8A, 0x630C, 0xBDF8, 0xD69A, 0xCE5A, 0x7C11, 0x73D1, 0x73F1, 0x73F1, 0x73F1, 0x73D0, 0xA555, 0xCE9A, 0xD69A, 0xC618,   // 0x0760 (1888) pixels
0xFFFF, 0xFFFF, 0xFFFF, 0xFFFF, 0xFFDE, 0x734B, 0x2966, 0x2945, 0x2125, 0x2124, 0x2104, 0x2104, 0x2104, 0x1904, 0x1904, 0x1904,   // 0x0770 (1904) pixels
0x1904, 0x18E4, 0x1904, 0x2104, 0x2124, 0x2144, 0x2124, 0x2124, 0x2124, 0x2124, 0x2124, 0x2124, 0x2124, 0x2124, 0x2124, 0x2124,   // 0x0780 (1920) pixels
0x2124, 0x2104, 0x2104, 0x2124, 0x2124, 0x2104, 0x2124, 0x2124, 0x2124, 0x2104, 0x2104, 0x2124, 0x2104, 0x2124, 0x2103, 0x2104,   // 0x0790 (1936) pixels
0x2104, 0x2104, 0x18E3, 0x18E3, 0x18E3, 0x18E3, 0x18E3, 0x18E3, 0x18E4, 0x18E4, 0x1904, 0x2104, 0x2124, 0x2125, 0x2125, 0x2945,   // 0x07A0 (1952) pixels
0x7BAC, 0xFFFE, 0xFFFF, 0xFFFF, 0xFFFF, 0xFFFF, 0xFFFF, 0xFFFF, 0xFFFF, 0xF79E, 0xDEBB, 0xD69A, 0xD69A, 0xD69A, 0xCE99, 0xCE99,   // 0x07B0 (1968) pixels
0xCE99, 0xCE79, 0xCE79, 0xCE79, 0xCE9A, 0xD6BB, 0xD69B, 0xD6BA, 0xCE9A, 0xCE9A, 0xD69A, 0xCE9A, 0xD69A, 0xD69A, 0xD69A, 0xD69B,   // 0x07C0 (1984) pixels
0xD69A, 0xD69A, 0xD69A, 0xD69A, 0xD69A, 0xCE7A, 0xCE7A, 0xCE9A, 0xCE7A, 0xCE7A, 0xCE9A, 0xCE7A, 0xCE7A, 0xD69A, 0xD69A, 0xD69A,   // 0x07D0 (2000) pixels
0xD69A, 0xD69A, 0xD69A, 0xC639, 0xCE5A, 0xD69A, 0xCE9A, 0xC65A, 0xBE19, 0xCE7A, 0xD69A, 0xCE9A, 0xB595, 0xB594, 0xB5B5, 0xB5B5,   // 0x07E0 (2016) pixels
0xB5B6, 0xBDB5, 0xBDB5, 0xB5B5, 0xB595, 0xA534, 0x9CB1, 0xFFFF, 0xFFFF, 0xFFFF, 0xFFFF, 0xFFDE, 0x7B6B, 0x39C7, 0x2965, 0x2945,   // 0x07F0 (2032) pixels
0x2125, 0x2124, 0x2125, 0x2124, 0x2104, 0x2104, 0x2124, 0x2125, 0x2125, 0x2124, 0x2104, 0x2124, 0x2124, 0x2945, 0x2145, 0x2125,   // 0x0800 (2048) pixels
0x2124, 0x2125, 0x2125, 0x2125, 0x2124, 0x2124, 0x2124, 0x2124, 0x2104, 0x2124, 0x2124, 0x2124, 0x2104, 0x2124, 0x2124, 0x2104,   // 0x0810 (2064) pixels
0x2124, 0x2124, 0x2124, 0x2104, 0x2104, 0x2104, 0x2104, 0x2104, 0x2104, 0x2104, 0x2104, 0x2104, 0x2104, 0x2124, 0x2124, 0x2104,   // 0x0820 (2080) pixels
0x2124, 0x2124, 0x2125, 0x2145, 0x2945, 0x2125, 0x2965, 0x7B8C, 0xFFDE, 0xFFFF, 0xFFFF, 0xFFFF, 0xFFFF, 0xFFFF, 0xFFFF, 0xFFFF,   // 0x0830 (2096) pixels
0xE75B, 0x840F, 0x8410, 0x7BEF, 0x7BCF, 0x7BCF, 0x7BAF, 0x738E, 0x6B6E, 0x6B4D, 0x6B6E, 0xBE18, 0xD69A, 0xD679, 0xC617, 0xC5F7,   // 0x0840 (2112) pixels
0xC617, 0xAD74, 0xC617, 0xAD75, 0xC618, 0xAD54, 0xBDF7, 0xD69A, 0xCE79, 0xA533, 0xBDD7, 0xCE79, 0xA534, 0xB5B6, 0xBDD7, 0xA534,   // 0x0850 (2128) pixels
0xB596, 0x9CF3, 0xB596, 0xCE59, 0xB5B6, 0xBDF7, 0xBDD6, 0xBDD7, 0xBDF8, 0xC638, 0xAD75, 0xAD75, 0xCE9A, 0xB596, 0xC618, 0xD69A,   // 0x0860 (2144) pixels
0xD6BA, 0xD69A, 0xAD96, 0x4A27, 0x39A6, 0x7BF0, 0x634D, 0x6B4D, 0x5269, 0x41C6, 0x5ACA, 0x6B4D, 0x6B6D, 0x9CD2, 0xFFFF, 0xFFFF,   // 0x0870 (2160) pixels
0xFFFF, 0xFFFF, 0xFFFE, 0x83AC, 0x4209, 0x2945, 0x2124, 0x18E4, 0x18E3, 0x18E4, 0x18E4, 0x18C3, 0x20E4, 0x1904, 0x2965, 0x3186,   // 0x0880 (2176) pixels
0x1904, 0x2145, 0x2125, 0x2145, 0x2104, 0x18E3, 0x2124, 0x2965, 0x1904, 0x18E3, 0x39E7, 0x2945, 0x2104, 0x2965, 0x2124, 0x2124,   // 0x0890 (2192) pixels
0x2124, 0x2104, 0x2965, 0x2104, 0x2125, 0x31A6, 0x2965, 0x2965, 0x2104, 0x2966, 0x2104, 0x2945, 0x2104, 0x2125, 0x2125, 0x2986,   // 0x08A0 (2208) pixels
0x2125, 0x2125, 0x2966, 0x2104, 0x2125, 0x18C3, 0x2945, 0x1904, 0x2966, 0x2124, 0x2966, 0x2965, 0x2945, 0x2945, 0x7B8C, 0xFFFE,   // 0x08B0 (2224) pixels
0xFFFF, 0xFFFF, 0xFFFF, 0xFFFF, 0xFFFF, 0xFFFF, 0xFFFF, 0xEF5B, 0x4A27, 0x3166, 0x2965, 0x2945, 0x2965, 0x2944, 0x3165, 0x2904,   // 0x08C0 (2240) pixels
0x2945, 0x2124, 0x8431, 0xD69A, 0xBDD6, 0x5ACB, 0x5AEB, 0x8410, 0x94B3, 0x738E, 0x9CD3, 0x6B6D, 0x7BEF, 0x8430, 0xCE59, 0xB576,   // 0x08D0 (2256) pixels
0x8430, 0xB596, 0xA514, 0x7BEF, 0x7BCF, 0x7BEF, 0x738E, 0x8430, 0x6B4D, 0x6B6D, 0xBDF7, 0x7BCF, 0x7BCF, 0x7BEF, 0x9CF3, 0xB5B6,   // 0x08E0 (2272) pixels
0x7BEF, 0xA534, 0x8430, 0xCE7A, 0xAD75, 0xAD55, 0xCE9A, 0xD69A, 0xD69A, 0xA535, 0x39C6, 0x2103, 0x738E, 0x2125, 0x18E3, 0x3165,   // 0x08F0 (2288) pixels
0x3185, 0x1904, 0x2105, 0x2125, 0x840F, 0xFFFF, 0xFFFF, 0xFFFF, 0xFFFF, 0xFFFE, 0x7BAC, 0x5AEB, 0x73AD, 0x5268, 0x2104, 0x18E4,   // 0x0900 (2304) pixels
0x1904, 0x18E4, 0x2124, 0x2945, 0x2125, 0x3186, 0x2965, 0x2945, 0x2945, 0x2965, 0x2986, 0x2945, 0x1904, 0x2965, 0x2125, 0x1904,   // 0x0910 (2320) pixels
0x2124, 0x2965, 0x2145, 0x2125, 0x2104, 0x2104, 0x2125, 0x2145, 0x2124, 0x2125, 0x2125, 0x2125, 0x2145, 0x2965, 0x31C7, 0x31C7,   // 0x0920 (2336) pixels
0x39C7, 0x39C7, 0x31C7, 0x31C7, 0x31A6, 0x31A7, 0x31A7, 0x39C7, 0x3A08, 0x39E8, 0x4228, 0x4228, 0x31A7, 0x18E4, 0x10E4, 0x1904,   // 0x0930 (2352) pixels
0x2125, 0x31A5, 0x5AEB, 0x5AEB, 0x31A6, 0x7BAC, 0xFFFE, 0xFFFF, 0xFFFF, 0xFFFF, 0xFFFF, 0xFFFF, 0xFFFF, 0xFFFF, 0xEF5B, 0x4A07,   // 0x0940 (2368) pixels
0x636E, 0x4A49, 0x424A, 0x6B8E, 0x424A, 0x4A8B, 0x18E3, 0x18E3, 0x18E3, 0x73AF, 0xCE9A, 0xBDF7, 0x8C52, 0x8C52, 0x8C71, 0x8431,   // 0x0950 (2384) pixels
0x7C10, 0x8430, 0x8451, 0x7C10, 0x7C10, 0x9CF3, 0xB596, 0x9CF4, 0xC618, 0xBDF8, 0x73AF, 0x8411, 0x8C92, 0x8C92, 0x7C11, 0xA556,   // 0x0960 (2400) pixels
0x9CF4, 0x8C51, 0x8C71, 0x8C93, 0xA515, 0xC618, 0xCE7A, 0x7BD0, 0xCE59, 0x9CF4, 0xAD96, 0xB5D7, 0xB5B7, 0xCE9A, 0xD69A, 0xD69A,   // 0x0970 (2416) pixels
0x9D15, 0x18E3, 0x18C3, 0x73AE, 0x2125, 0x18C3, 0x18E3, 0x52AA, 0x6B6D, 0x5B2C, 0x634D, 0xB5B5, 0xFFFF, 0xFFFF, 0xFFFF, 0xFFFF,   // 0x0980 (2432) pixels
0xFFFE, 0x9C8E, 0xDEFB, 0xFFFE, 0xDED8, 0x62E9, 0x8452, 0x94F3, 0x39E7, 0x4A69, 0x18C3, 0x10A3, 0x10A3, 0x10A2, 0x10A3, 0x10A3,   // 0x0990 (2448) pixels
0x10C3, 0x10C3, 0x10A3, 0x10A2, 0x10A2, 0x10A2, 0x10A3, 0x10A2, 0x10A3, 0x10A2, 0x10A3, 0x10A3, 0x10A3, 0x10A3, 0x10A3, 0x10A3,   // 0x09A0 (2464) pixels
0x10A3, 0x10A3, 0x10A3, 0x10A3, 0x10A2, 0x10A2, 0x10A3, 0x10C3, 0x18E3, 0x18C3, 0x10A3, 0x18C3, 0x18C3, 0x10A3, 0x10C3, 0x10A3,   // 0x09B0 (2480) pixels
0x18C3, 0x1904, 0x18C3, 0x39E7, 0x4A6A, 0x8452, 0x638F, 0x5B0C, 0x9CD0, 0xFFBD, 0xF7BE, 0x9471, 0x7BAC, 0xFFDE, 0xFFFF, 0xFFFF,   // 0x09C0 (2496) pixels
0xFFFF, 0xFFFF, 0xFFFF, 0xFFFF, 0xFFFF, 0xEF3B, 0x41E6, 0x8410, 0xCE59, 0xAD54, 0x41E7, 0x636E, 0x5AEB, 0x18C3, 0x18C3, 0x18C3,   // 0x09D0 (2512) pixels
0x5AEC, 0xCE9A, 0xCE9A, 0xCE9A, 0xCE9A, 0xCE7A, 0xCE79, 0xCE79, 0xCE59, 0xCE59, 0xC659, 0xCE79, 0xCE79, 0xCE79, 0xCE79, 0xCE9A,   // 0x09E0 (2528) pixels
0xCE9A, 0xCE79, 0xCE79, 0xCE7A, 0xCE7A, 0xCE7A, 0xCE9A, 0xD67A, 0xCE79, 0xCE9A, 0xCE9A, 0xCE9A, 0xCE9A, 0xCE9A, 0xCE9A, 0xCE9A,   // 0x09F0 (2544) pixels
0xCE9A, 0xCE9A, 0xD69A, 0xD69A, 0xCE9A, 0xCE9A, 0xCE79, 0x8C93, 0x1904, 0x10C3, 0x6B8E, 0x2125, 0x18E4, 0x18E3, 0x4A48, 0xD699,   // 0x0A00 (2560) pixels
0xF7BE, 0xA4F3, 0x946F, 0xFFFF, 0xFFFF, 0xFFFF, 0xFFFF, 0xFFFE, 0xB50F, 0xFFBE, 0xFFFF, 0xFFBD, 0x83EB, 0x8CB3, 0x8451, 0x4249,   // 0x0A10 (2576) pixels
0x4A49, 0x10A3, 0x10A3, 0x10A3, 0x10A2, 0x10A2, 0x10A2, 0x10A2, 0x10A2, 0x10A2, 0x10A2, 0x10A2, 0x10A2, 0x10A2, 0x10A2, 0x10A2,   // 0x0A20 (2592) pixels
0x10A2, 0x10A2, 0x10A2, 0x1082, 0x10A2, 0x10A2, 0x1082, 0x1082, 0x1082, 0x1082, 0x1082, 0x1082, 0x1082, 0x1082, 0x1082, 0x10A2,   // 0x0A30 (2608) pixels
0x10A2, 0x10A2, 0x1082, 0x10A2, 0x10A2, 0x10A2, 0x10A2, 0x10A2, 0x10A2, 0x1082, 0x31A6, 0x2986, 0x9D34, 0x94F4, 0x5AEC, 0xCE15,   // 0x0A40 (2624) pixels
0xFFFF, 0xFFFF, 0xC616, 0x83CD, 0xFFBE, 0xFFFF, 0xFFFF, 0xFFFF, 0xFFFF, 0xFFFF, 0xFFFF, 0xFFFF, 0xEF5B, 0x5268, 0xCE79, 0xFFDF,   // 0x0A50 (2640) pixels
0xFFDF, 0x7B6C, 0x9CF4, 0x8410, 0x18C3, 0x18C2, 0x18C3, 0x20E4, 0x5ACA, 0x6B2B, 0x630B, 0x630A, 0x840F, 0xA554, 0xA513, 0x840E,   // 0x0A60 (2656) pixels
0x4A47, 0x62EB, 0x9CD2, 0x9CD2, 0x8430, 0x8C51, 0x9492, 0x8430, 0x73AE, 0x8C71, 0x840F, 0x8430, 0x8C71, 0x8C71, 0x4207, 0x7BEE,   // 0x0A70 (2672) pixels
0x8430, 0x8430, 0x9CF3, 0x8C91, 0x73AE, 0x8450, 0x94D2, 0x94B2, 0x842F, 0x9491, 0x8C91, 0x8C70, 0x8C50, 0x8430, 0xAD96, 0x7C30,   // 0x0A80 (2688) pixels
0x31E8, 0x5B0B, 0x8451, 0x52CB, 0x18C3, 0x7B6B, 0xFFDE, 0xFFDF, 0xDE99, 0xA4B0, 0xFFFF, 0xFFFF, 0xFFFF, 0xFFFF, 0xFFFE, 0x9C4D,   // 0x0A90 (2704) pixels
0xD657, 0xFF9C, 0xE6B6, 0x62C8, 0x8C71, 0x5ACB, 0x4A48, 0x4A69, 0x10A2, 0x10A3, 0x10A3, 0x10A3, 0x10A2, 0x10A2, 0x10A2, 0x10A2,   // 0x0AA0 (2720) pixels
0x10A2, 0x10A2, 0x10A2, 0x10A2, 0x10A2, 0x10A2, 0x10A2, 0x10A2, 0x10A2, 0x1082, 0x1082, 0x1082, 0x1082, 0x1082, 0x1082, 0x1082,   // 0x0AB0 (2736) pixels
0x1082, 0x1082, 0x1082, 0x1082, 0x1082, 0x1082, 0x1082, 0x1082, 0x1082, 0x1082, 0x1082, 0x1082, 0x1082, 0x1082, 0x1082, 0x1082,   // 0x0AC0 (2752) pixels
0x1082, 0x31C7, 0x39E8, 0x630C, 0x4229, 0x4A49, 0x7B8B, 0xE6F8, 0xEF39, 0x83CC, 0x7BAD, 0xFFDE, 0xFFFF, 0xFFFF, 0xFFFF, 0xFFFF,   // 0x0AD0 (2768) pixels
0xFFFF, 0xFFFF, 0xFFFF, 0xEF5B, 0x4A06, 0xB554, 0xFFDE, 0xFFBB, 0x6AE8, 0x39C7, 0x31A6, 0x18C3, 0x18C3, 0x18C3, 0x18C3, 0x18C3,   // 0x0AE0 (2784) pixels
0x18C3, 0x18A3, 0x2124, 0x8CB2, 0x8C91, 0x632B, 0x528A, 0x2944, 0x39C7, 0x4249, 0x52EB, 0x636D, 0x9CF3, 0xA513, 0x5ACA, 0x528A,   // 0x0AF0 (2800) pixels
0x94B2, 0x528A, 0x7BEF, 0xA4F3, 0x73AE, 0x3186, 0x7C10, 0x8410, 0x632C, 0x8C71, 0x7BCE, 0x83EF, 0x738E, 0x738E, 0xA514, 0x7BCF,   // 0x0B00 (2816) pixels
0x738E, 0x8C51, 0x630C, 0x52AA, 0x73CE, 0x8430, 0x9D14, 0x5B0C, 0xAD54, 0x7BEF, 0x31A6, 0x20E4, 0x5227, 0xC5F4, 0xEF3A, 0xA4CF,   // 0x0B10 (2832) pixels
0x946F, 0xFFFF, 0xFFFF, 0xFFFF, 0xFFFF, 0xFFFE, 0x83AB, 0x5AA9, 0x736A, 0x5A67, 0x2945, 0x20E3, 0x3186, 0x2124, 0x4A49, 0x10A2,   // 0x0B20 (2848) pixels
0x10A3, 0x10A3, 0x10A2, 0x10A2, 0x10A2, 0x10A2, 0x10A2, 0x10A2, 0x10A2, 0x10A2, 0x10A2, 0x10A2, 0x10A2, 0x10A2, 0x10A2, 0x10A2,   // 0x0B30 (2864) pixels
0x1082, 0x1082, 0x1082, 0x1082, 0x1082, 0x1082, 0x1082, 0x1082, 0x1082, 0x1082, 0x1082, 0x1082, 0x1082, 0x1082, 0x1082, 0x1082,   // 0x0B40 (2880) pixels
0x1082, 0x1082, 0x1082, 0x1082, 0x1082, 0x1082, 0x1082, 0x1082, 0x39E7, 0x10A3, 0x18C3, 0x2104, 0x39E8, 0x2945, 0x4A06, 0x4A06,   // 0x0B50 (2896) pixels
0x3186, 0x7B8D, 0xFFDE, 0xFFFF, 0xFFFF, 0xFFFF, 0xFFFF, 0xFFFF, 0xFFFF, 0xFFFF, 0xEF5B, 0x4A27, 0x6B4C, 0x7B2A, 0x6AE8, 0x632C,   // 0x0B60 (2912) pixels
0x18E3, 0x18C3, 0x18A3, 0x18A3, 0x18C3, 0x18C3, 0x18C3, 0x18C3, 0x10C3, 0x1904, 0x94D3, 0xCE79, 0x9490, 0x6B4A, 0x5AC7, 0x62E9,   // 0x0B70 (2928) pixels
0x7BCD, 0x8C50, 0x5B0B, 0x6B2C, 0x6B0A, 0x3185, 0x5269, 0x732B, 0x39A6, 0x4A28, 0x6AEA, 0x39A6, 0x18E3, 0x8430, 0x9CF3, 0x73AE,   // 0x0B80 (2944) pixels
0x8451, 0x738E, 0x8C30, 0x73AE, 0x7BEE, 0x8CB1, 0x8C70, 0x73AD, 0x7C10, 0x52AB, 0x4249, 0x7BEF, 0x8CB2, 0x94F3, 0x632C, 0x8C91,   // 0x0B90 (2960) pixels
0x8430, 0x5ACB, 0x18C3, 0x5ACB, 0x4207, 0x4A05, 0x39A5, 0xBDF8, 0xFFFF, 0xFFFF, 0xFFFF, 0xFFFF, 0xFFFE, 0x83AB, 0x3186, 0x2925,   // 0x0BA0 (2976) pixels
0x2145, 0x2124, 0x20E4, 0x20E4, 0x2104, 0x4A69, 0x1082, 0x10A3, 0x10A2, 0x10A2, 0x10A2, 0x10A2, 0x10A2, 0x10A2, 0x10A2, 0x10A2,   // 0x0BB0 (2992) pixels
0x10A2, 0x10A2, 0x10A2, 0x10A2, 0x1082, 0x10A2, 0x08C2, 0x08C2, 0x08C2, 0x08C1, 0x08C1, 0x08C1, 0x08C1, 0x08C1, 0x08C1, 0x08C2,   // 0x0BC0 (3008) pixels
0x10A2, 0x1082, 0x1082, 0x1082, 0x1082, 0x1082, 0x1082, 0x1082, 0x1082, 0x1082, 0x1082, 0x1082, 0x1082, 0x1082, 0x1082, 0x39C7,   // 0x0BD0 (3024) pixels
0x10A3, 0x18E4, 0x31A7, 0x2966, 0x2965, 0x2145, 0x2945, 0x2965, 0x7B8D, 0xFFDE, 0xFFFF, 0xFFFF, 0xFFFF, 0xFFFF, 0xFFFF, 0xFFFF,   // 0x0BE0 (3040) pixels
0xFFFF, 0xEF5C, 0x4A28, 0x5B0B, 0x2104, 0x1904, 0x636D, 0x2965, 0x18C3, 0x18A3, 0x18A3, 0x18E4, 0x4AAB, 0x52AB, 0x18C4, 0x5B0D,   // 0x0BF0 (3056) pixels
0x5B0C, 0x94D2, 0xBDD6, 0x8C2F, 0x62C8, 0x5266, 0x52A8, 0x736C, 0x840F, 0x2965, 0x528A, 0x6B0A, 0x39E7, 0x6B4C, 0x6B2B, 0x4208,   // 0x0C00 (3072) pixels
0x6B4C, 0x62CA, 0x4A28, 0x2124, 0x7C0F, 0x7BCE, 0x4A69, 0x94B2, 0x738E, 0x630C, 0x6B6D, 0x8430, 0x9CF4, 0x7BAF, 0x73AE, 0x73EF,   // 0x0C10 (3088) pixels
0x6B8D, 0x6B8D, 0x6B6C, 0x634C, 0x6B4C, 0x630C, 0x6B4C, 0x6B4C, 0x31C7, 0x18C3, 0x634D, 0x2986, 0x18E4, 0x2965, 0xCE58, 0xFFFF,   // 0x0C20 (3104) pixels
0xFFFF, 0xFFFF, 0xFFFF, 0xFFFE, 0x8BEC, 0x6B4C, 0x9450, 0x630A, 0x2945, 0x31A7, 0x3166, 0x3186, 0x4A69, 0x1082, 0x10A3, 0x10A2,   // 0x0C30 (3120) pixels
0x10A2, 0x10A2, 0x10A2, 0x10A2, 0x10A2, 0x10A2, 0x10A2, 0x10A2, 0x10A2, 0x10A2, 0x10A2, 0x1082, 0x3403, 0x4EC2, 0x4EC2, 0x4EC2,   // 0x0C40 (3136) pixels
0x4EC2, 0x4EC2, 0x4EC2, 0x4EC2, 0x4EC2, 0x4EC2, 0x4EC2, 0x33C3, 0x1082, 0x1082, 0x1082, 0x1082, 0x1082, 0x1082, 0x1082, 0x1082,   // 0x0C50 (3152) pixels
0x1082, 0x1082, 0x1082, 0x1082, 0x1082, 0x1082, 0x39E7, 0x18E3, 0x31C7, 0x2945, 0x2105, 0x39A6, 0x738D, 0x738D, 0x39E7, 0x7B8C,   // 0x0C60 (3168) pixels
0xFFDE, 0xFFFF, 0xFFFF, 0xFFFF, 0xFFFF, 0xFFFF, 0xFFFF, 0xFFFF, 0xEF5C, 0x5249, 0x632B, 0x2945, 0x2924, 0x6B8E, 0x2103, 0x18E3,   // 0x0C70 (3184) pixels
0x18C3, 0x18E4, 0x39C8, 0x9514, 0x738D, 0x62C9, 0x6B6C, 0x636D, 0x9D34, 0xBDB6, 0x8C70, 0x630A, 0x5287, 0x52A8, 0x7BCE, 0x9CD3,   // 0x0C80 (3200) pixels
0x4A6A, 0x94F4, 0x8450, 0x73CF, 0xAD96, 0x73AE, 0x73CF, 0x94B3, 0x7BF0, 0x7C30, 0x2945, 0x7C10, 0x634D, 0x4AAA, 0x6B8E, 0x2104,   // 0x0C90 (3216) pixels
0x18C3, 0x18E3, 0x4228, 0xA554, 0x94B2, 0x8451, 0x2986, 0x20E4, 0x52AB, 0x4A8B, 0x18E4, 0x426A, 0x5AEC, 0x2966, 0x1903, 0x18C3,   // 0x0CA0 (3232) pixels
0x18C3, 0x5AAA, 0x4228, 0x4A49, 0x31A6, 0xC5F6, 0xFFFF, 0xFFFF, 0xFFFF, 0xFFFF, 0xFFFE, 0xA4CF, 0xE71B, 0xFFFE, 0xE71A, 0x734B,   // 0x0CB0 (3248) pixels
0x8C92, 0x4228, 0x4229, 0x4A49, 0x1082, 0x10A3, 0x10A2, 0x10A2, 0x10A2, 0x10A2, 0x10A2, 0x10A2, 0x10A2, 0x10A2, 0x10A2, 0x10A2,   // 0x0CC0 (3264) pixels
0x10A2, 0x1082, 0x1082, 0x34A3, 0x4FE0, 0x4FE0, 0x4FE0, 0x4FE0, 0x4FE0, 0x4FE0, 0x4FE0, 0x4FE0, 0x4FE0, 0x4FE0, 0x3462, 0x1062,   // 0x0CD0 (3280) pixels
0x1082, 0x1082, 0x1082, 0x1082, 0x1082, 0x1082, 0x1082, 0x1082, 0x1082, 0x1082, 0x1082, 0x1082, 0x1082, 0x39E7, 0x4A6A, 0x94B2,   // 0x0CE0 (3296) pixels
0x52CC, 0x7C31, 0xA4F1, 0xFFDE, 0xFFFF, 0x9CD2, 0x7BAD, 0xFFBE, 0xFFFF, 0xFFFF, 0xFFFF, 0xFFFF, 0xFFFF, 0xFFFF, 0xFFFF, 0xEF7C,   // 0x0CF0 (3312) pixels
0x4207, 0x8450, 0xCE7A, 0xBDB5, 0x41E7, 0x18E3, 0x2104, 0x18E3, 0x18E4, 0x31A7, 0x8CB2, 0x8C2E, 0x93EB, 0x7BAD, 0x6B6E, 0x7C2F,   // 0x0D00 (3328) pixels
0x8430, 0x8430, 0x630B, 0x18E3, 0x31C6, 0x73AE, 0x6B8E, 0x738E, 0x52CA, 0x5B0A, 0x5AEB, 0x52CA, 0x5B0B, 0x5AEB, 0x5AEA, 0x630B,   // 0x0D10 (3344) pixels
0x5269, 0x2103, 0x8450, 0x632C, 0x6B8D, 0x636D, 0x18E3, 0x10C3, 0x10C3, 0x2104, 0x5AEB, 0x6B6C, 0x9D14, 0x2124, 0x5B0C, 0x8471,   // 0x0D20 (3360) pixels
0x6B6D, 0x2966, 0x73CF, 0x73CF, 0x39E8, 0x18E4, 0x2924, 0x18C3, 0x5228, 0xDEBA, 0xF7BE, 0xA513, 0x9CB0, 0xFFFF, 0xFFFF, 0xFFFF,   // 0x0D30 (3376) pixels
0xFFFF, 0xFFFE, 0xC5B0, 0xFFBD, 0xFFFF, 0xFFBD, 0x8BEC, 0x7BF0, 0x94B2, 0x4228, 0x4A49, 0x1082, 0x10A3, 0x10A2, 0x10A2, 0x10A2,   // 0x0D40 (3392) pixels
0x10A2, 0x10A2, 0x10A2, 0x10A2, 0x10A2, 0x10A2, 0x10A2, 0x1082, 0x1082, 0x1082, 0x3482, 0x4FE0, 0x4FE0, 0x4FE0, 0x4FE0, 0x4FE0,   // 0x0D50 (3408) pixels
0x4FE0, 0x4FE0, 0x4FE0, 0x4FE0, 0x4FE0, 0x3462, 0x1082, 0x1082, 0x1082, 0x1082, 0x1082, 0x1082, 0x1082, 0x1082, 0x1082, 0x1082,   // 0x0D60 (3424) pixels
0x1082, 0x1082, 0x1082, 0x1082, 0x39E8, 0x31C7, 0x94D3, 0xA575, 0x7C10, 0xBD93, 0xFFFF, 0xFFFF, 0xBDB5, 0x7BAC, 0xFFDE, 0xFFFF,   // 0x0D70 (3440) pixels
0xFFFF, 0xFFFF, 0xFFFF, 0xFFFF, 0xFFFF, 0xFFFF, 0xEF7C, 0x5288, 0xCE79, 0xFFDF, 0xFFFF, 0x8BEC, 0x18C3, 0x18E3, 0x18E3, 0x18E3,   // 0x0D80 (3456) pixels
0x2124, 0x7C10, 0x6B4C, 0x2103, 0x632C, 0x73CF, 0x2144, 0x18E3, 0x18E3, 0x18E3, 0x10C3, 0x10C3, 0x18C3, 0x18C3, 0x18C3, 0x18C3,   // 0x0D90 (3472) pixels
0x18C3, 0x18C3, 0x18C3, 0x18C3, 0x10A3, 0x18C3, 0x10A3, 0x10A3, 0x1904, 0x73AE, 0x18E3, 0x2965, 0x52CB, 0x2104, 0x31A7, 0x4229,   // 0x0DA0 (3488) pixels
0x18E4, 0x39E7, 0x632C, 0xA534, 0xAD54, 0x6B6D, 0x8450, 0x7BEF, 0x18E3, 0x840F, 0x6B8E, 0x4229, 0x20E3, 0x20E4, 0x20E4, 0x7B6C,   // 0x0DB0 (3504) pixels
0xFFDE, 0xF7DF, 0xDE99, 0xAD11, 0xFFFF, 0xFFFF, 0xFFFF, 0xFFFF, 0xFFFE, 0x9C6D, 0xC5F5, 0xF77B, 0xD674, 0x4A25, 0x5AEC, 0x528A,   // 0x0DC0 (3520) pixels
0x39C7, 0x4A69, 0x1082, 0x10A3, 0x10A2, 0x10A2, 0x10A2, 0x10A2, 0x10A2, 0x10A2, 0x10A2, 0x1082, 0x10A2, 0x10A2, 0x1082, 0x1082,   // 0x0DD0 (3536) pixels
0x1082, 0x34A3, 0x4FE0, 0x4FE0, 0x45C1, 0x34C2, 0x34C2, 0x34C2, 0x34C2, 0x34C2, 0x34C2, 0x34C2, 0x22A2, 0x1082, 0x1082, 0x1082,   // 0x0DE0 (3552) pixels
0x1082, 0x1082, 0x1082, 0x1082, 0x1082, 0x1082, 0x1082, 0x1082, 0x1082, 0x1082, 0x1082, 0x39E7, 0x2986, 0x4A69, 0x4228, 0x52AA,   // 0x0DF0 (3568) pixels
0x6AE8, 0xD676, 0xDEB6, 0x734A, 0x7B8C, 0xFFBE, 0xFFFF, 0xFFFF, 0xFFFF, 0xFFFF, 0xFFFF, 0xFFFF, 0xFFFF, 0xEF5C, 0x4A27, 0xA513,   // 0x0E00 (3584) pixels
0xFFBE, 0xFFBB, 0x7308, 0x18C3, 0x18C3, 0x18E4, 0x2146, 0x4A6A, 0x3186, 0x2965, 0x4249, 0x2965, 0x18C2, 0x18C3, 0x18C3, 0x18C3,   // 0x0E10 (3600) pixels
0x10C3, 0x10C3, 0x10C3, 0x18A3, 0x18A3, 0x18A3, 0x18C3, 0x18C3, 0x18C3, 0x18A3, 0x18C3, 0x18A3, 0x10A3, 0x10A3, 0x10A2, 0x10A3,   // 0x0E20 (3616) pixels
0x73AE, 0x18C3, 0x2965, 0x5AEB, 0x3186, 0x94B2, 0x738E, 0x39C7, 0x8410, 0x73CF, 0x83CE, 0x6AE9, 0x39C6, 0x9CF3, 0x7BEF, 0x18E3,   // 0x0E30 (3632) pixels
0x73AE, 0x9CF3, 0x39E7, 0x2104, 0x2925, 0x2125, 0x5227, 0xC5D5, 0xEF1A, 0xA4AF, 0x9C6F, 0xFFFF, 0xFFFF, 0xFFFF, 0xFFFF, 0xFFFE,   // 0x0E40 (3648) pixels
0x83CC, 0x4A27, 0x5AA8, 0x39C4, 0x20E4, 0x20E4, 0x18E3, 0x2104, 0x4228, 0x1082, 0x10A2, 0x10A2, 0x10A2, 0x10A2, 0x10A2, 0x10A2,   // 0x0E50 (3664) pixels
0x10A2, 0x10A2, 0x10A2, 0x1082, 0x1082, 0x1082, 0x1082, 0x1082, 0x34A3, 0x4FE0, 0x4FE0, 0x2322, 0x1083, 0x08A2, 0x08A2, 0x08A2,   // 0x0E60 (3680) pixels
0x0882, 0x0882, 0x1082, 0x1082, 0x0882, 0x1082, 0x1082, 0x1082, 0x1082, 0x1082, 0x1082, 0x1082, 0x1082, 0x1082, 0x1082, 0x1082,   // 0x0E70 (3696) pixels
0x1082, 0x1082, 0x39E8, 0x10A2, 0x18E3, 0x2104, 0x2125, 0x2945, 0x41C6, 0x41C6, 0x3186, 0x7BAC, 0xFFDE, 0xFFFF, 0xFFFF, 0xFFFF,   // 0x0E80 (3712) pixels
0xFFFF, 0xFFFF, 0xFFFF, 0xFFFF, 0xEF7C, 0x4A28, 0x6B4C, 0x7329, 0x62C7, 0x528A, 0x18C3, 0x18E3, 0x18E3, 0x5B2D, 0x8C72, 0x62EA,   // 0x0E90 (3728) pixels
0x4A69, 0x6B6E, 0x7BEF, 0x18C3, 0x18C3, 0x18C3, 0x10C3, 0x10C3, 0x18A3, 0x10A3, 0x18A3, 0x18C3, 0x18A3, 0x18C3, 0x18A3, 0x18A3,   // 0x0EA0 (3744) pixels
0x18A3, 0x18A3, 0x18A3, 0x18A3, 0x10A3, 0x10A3, 0x10A3, 0x6B8E, 0x18C3, 0x2145, 0x52EB, 0x2945, 0x8C71, 0x83EF, 0x6B0A, 0x738D,   // 0x0EB0 (3760) pixels
0x5AEB, 0x8C2F, 0x734B, 0x4A69, 0x7BEF, 0x6B4C, 0x630A, 0x7BEE, 0x632C, 0x4208, 0x6BAF, 0x6B6E, 0x73CF, 0x8451, 0x4207, 0x49E5,   // 0x0EC0 (3776) pixels
0x39A5, 0xC617, 0xFFFF, 0xFFFF, 0xFFFF, 0xFFFF, 0xFFFE, 0x83ED, 0x3186, 0x2945, 0x2105, 0x2104, 0x2104, 0x2104, 0x2125, 0x4228,   // 0x0ED0 (3792) pixels
0x1082, 0x10A2, 0x10A2, 0x10A2, 0x10A2, 0x10A2, 0x10A2, 0x10A2, 0x10A2, 0x10A2, 0x1082, 0x1082, 0x1082, 0x1082, 0x1082, 0x34A3,   // 0x0EE0 (3808) pixels
0x4FE0, 0x4FE0, 0x2322, 0x1082, 0x1082, 0x1082, 0x1082, 0x1082, 0x1082, 0x1082, 0x1082, 0x1082, 0x1082, 0x1082, 0x1082, 0x1082,   // 0x0EF0 (3824) pixels
0x1082, 0x1082, 0x1082, 0x1082, 0x1082, 0x1082, 0x1082, 0x1082, 0x1082, 0x39E7, 0x10A3, 0x18E3, 0x1904, 0x2125, 0x2925, 0x2945,   // 0x0F00 (3840) pixels
0x2945, 0x3166, 0x7B8D, 0xFFDE, 0xFFFF, 0xFFFF, 0xFFFF, 0xFFFF, 0xFFFF, 0xFFFF, 0xFFFF, 0xF77C, 0x4A69, 0x6B8E, 0x20E3, 0x18C3,   // 0x0F10 (3856) pixels
0x73CF, 0x2124, 0x20E3, 0x10C2, 0x638F, 0xA4F3, 0x940C, 0x940D, 0x6B6D, 0x8431, 0x2104, 0x18C3, 0x18C3, 0x18C3, 0x18C3, 0x18C3,   // 0x0F20 (3872) pixels
0x18C3, 0x18C3, 0x18C3, 0x18C3, 0x18C3, 0x18C3, 0x18A3, 0x10A3, 0x10A3, 0x10A3, 0x10A3, 0x18A3, 0x10A3, 0x18C3, 0x6B8E, 0x18C3,   // 0x0F30 (3888) pixels
0x2965, 0x52CB, 0x18E3, 0x8C71, 0x7C10, 0x3985, 0x6B4D, 0x8C71, 0x9492, 0x636D, 0x73CE, 0x8470, 0x736D, 0x7B8B, 0x7BAE, 0x632D,   // 0x0F40 (3904) pixels
0x31C7, 0x8410, 0xBDB6, 0x73AE, 0xB5D7, 0x2986, 0x20E3, 0x3165, 0xCE38, 0xFFFF, 0xFFFF, 0xFFFF, 0xFFFF, 0xFFFE, 0x8C0D, 0x7BAD,   // 0x0F50 (3920) pixels
0x9CB0, 0x5AC9, 0x2966, 0x2945, 0x2125, 0x2125, 0x4208, 0x1082, 0x10A2, 0x10A2, 0x10A2, 0x10A2, 0x10A2, 0x10A2, 0x10A2, 0x10A2,   // 0x0F60 (3936) pixels
0x1082, 0x1082, 0x1082, 0x1082, 0x1082, 0x1082, 0x34A3, 0x4FE0, 0x4FE0, 0x2322, 0x1083, 0x1082, 0x1082, 0x1082, 0x1082, 0x1082,   // 0x0F70 (3952) pixels
0x1082, 0x1082, 0x1082, 0x1082, 0x1082, 0x1082, 0x1082, 0x1082, 0x1082, 0x1082, 0x1082, 0x1082, 0x1082, 0x1082, 0x1082, 0x10A2,   // 0x0F80 (3968) pixels
0x3A08, 0x10C3, 0x1904, 0x2145, 0x2946, 0x41E7, 0x944F, 0x8C4F, 0x4A07, 0x7B8C, 0xFFBE, 0xFFFF, 0xFFFF, 0xFFFF, 0xFFFF, 0xFFFF,   // 0x0F90 (3984) pixels
0xFFFF, 0xFFFF, 0xF77C, 0x4A49, 0x6BAD, 0x2965, 0x2924, 0x7BCF, 0x2103, 0x10A2, 0x10A3, 0x52EB, 0x9CF3, 0x62CA, 0x4A48, 0x7C10,   // 0x0FA0 (4000) pixels
0x6B6D, 0x2103, 0x18C3, 0x18A3, 0x18C3, 0x18C3, 0x18C3, 0x18C3, 0x18C3, 0x18C3, 0x18C3, 0x18C3, 0x18C3, 0x10A3, 0x10A3, 0x10A3,   // 0x0FB0 (4016) pixels
0x10A3, 0x10A3, 0x10A3, 0x10A3, 0x18C3, 0x6B6D, 0x18C3, 0x2145, 0x52AB, 0x18E4, 0x18E3, 0x18E4, 0x10A2, 0x18E4, 0x2104, 0x4AAA,   // 0x0FC0 (4032) pixels
0x52EC, 0x4A8A, 0x6B8E, 0x7BF0, 0x2145, 0x632D, 0x73CF, 0x2945, 0x4208, 0x4A28, 0x4207, 0x630C, 0x4208, 0x4A49, 0x39C6, 0xBDD6,   // 0x0FD0 (4048) pixels
0xFFFF, 0xFFFF, 0xFFFF, 0xFFFF, 0xFFFE, 0xACF0, 0xEF5C, 0xFFFF, 0xEF3A, 0x7B8D, 0xA535, 0x8C92, 0x4247, 0x4228, 0x1082, 0x10A2,   // 0x0FE0 (4064) pixels
0x10A2, 0x10A2, 0x10A2, 0x1082, 0x1082, 0x1082, 0x1082, 0x1082, 0x1082, 0x1082, 0x1082, 0x1082, 0x1082, 0x22A3, 0x2C42, 0x3442,   // 0x0FF0 (4080) pixels
0x19C2, 0x1082, 0x1082, 0x1082, 0x1082, 0x1082, 0x1082, 0x1082, 0x0882, 0x0882, 0x1082, 0x1082, 0x1082, 0x1082, 0x1082, 0x1082,   // 0x1000 (4096) pixels
0x1082, 0x1082, 0x1082, 0x1082, 0x1082, 0x10A2, 0x1082, 0x3A08, 0x4249, 0x8451, 0x634D, 0x8C92, 0xAD11, 0xFFFF, 0xFFFF, 0xAD33,   // 0x1010 (4112) pixels
0x83CD, 0xFFDE, 0xFFFF, 0xFFFF, 0xFFFF, 0xFFFF, 0xFFFF, 0xFFFF, 0xFFFF, 0xEF5C, 0x4A27, 0x8C50, 0xD679, 0xBDD5, 0x5247, 0x18A3,   // 0x1020 (4128) pixels
0x10A3, 0x2104, 0x18C3, 0x2124, 0x2104, 0x18C3, 0x2945, 0x1903, 0x18C3, 0x18E3, 0x18A3, 0x10A3, 0x18A3, 0x10A3, 0x10A3, 0x10A3,   // 0x1030 (4144) pixels
0x10A3, 0x10A3, 0x10A2, 0x18C3, 0x1904, 0x2104, 0x2104, 0x2104, 0x2104, 0x2125, 0x2104, 0x2945, 0x4A69, 0x2125, 0x2125, 0x3186,   // 0x1040 (4160) pixels
0x18C3, 0x18C3, 0x10A3, 0x18C3, 0x18C3, 0x31C7, 0x7C10, 0x7C10, 0x73CF, 0x8450, 0x6BAE, 0x73CF, 0x1904, 0x18E3, 0x2944, 0x52AB,   // 0x1050 (4176) pixels
0x4228, 0x4229, 0x62EB, 0xDEBA, 0xF79E, 0xA513, 0x9470, 0xFFFF, 0xFFFF, 0xFFFF, 0xFFFF, 0xFFFF, 0xB52F, 0xF79D, 0xFFFF, 0xFFBC,   // 0x1060 (4192) pixels
0x8C0D, 0x9D14, 0x7C10, 0x52A9, 0x4207, 0x1082, 0x10A2, 0x10A2, 0x10A2, 0x10A2, 0x10A2, 0x1082, 0x1082, 0x1082, 0x1082, 0x1082,   // 0x1070 (4208) pixels
0x1082, 0x1082, 0x1082, 0x1082, 0x2243, 0x2BC2, 0x2BC2, 0x2BC2, 0x2BC2, 0x2BC2, 0x2BC2, 0x2BC2, 0x2BC2, 0x2BC2, 0x2BC2, 0x1A22,   // 0x1080 (4224) pixels
0x1082, 0x1082, 0x1082, 0x1082, 0x1082, 0x1082, 0x1082, 0x1082, 0x1082, 0x1082, 0x1082, 0x1082, 0x10A2, 0x10A2, 0x4208, 0x31A7,   // 0x1090 (4240) pixels
0x94F3, 0x8472, 0x4A6A, 0xBD72, 0xFFFF, 0xFFFF, 0xC5D5, 0x83CD, 0xFFDE, 0xFFFF, 0xFFFF, 0xFFFF, 0xFFFF, 0xFFFF, 0xFFFF, 0xFFFF,   // 0x10A0 (4256) pixels
0xEF7C, 0x5288, 0xCE79, 0xFFDF, 0xFFBE, 0x8BCC, 0x18C3, 0x2104, 0x18A3, 0x18E3, 0x2104, 0x18C3, 0x2104, 0x18E4, 0x18C3, 0x18E3,   // 0x10B0 (4272) pixels
0x18E3, 0x18C3, 0x18C3, 0x18C3, 0x18C3, 0x10A3, 0x10A3, 0x10A3, 0x18C3, 0x3186, 0x630C, 0x6B4C, 0x6B4C, 0x6B8D, 0x6B2C, 0x6B6D,   // 0x10C0 (4288) pixels
0x6B6D, 0x6B2C, 0x6B2C, 0x6B6D, 0x630B, 0x736D, 0x18C3, 0x18C3, 0x10A2, 0x18C3, 0x18C3, 0x18E3, 0x4A69, 0x94B2, 0xA513, 0x31A6,   // 0x10D0 (4304) pixels
0x7BEE, 0x840F, 0x73AE, 0x2145, 0x2105, 0x2104, 0x9CF3, 0x8C71, 0x632D, 0x7BCD, 0xFFDE, 0xF7DF, 0xD698, 0xA4D0, 0xFFFF, 0xFFFF,   // 0x10E0 (4320) pixels
0xFFFF, 0xFFFF, 0xFFFF, 0x940D, 0xAD32, 0xE719, 0xC613, 0x62C9, 0x738D, 0x52AB, 0x4207, 0x4A48, 0x1082, 0x10A2, 0x10A2, 0x10A2,   // 0x10F0 (4336) pixels
0x10A2, 0x10A2, 0x1082, 0x1082, 0x1082, 0x1082, 0x1082, 0x1082, 0x1082, 0x1082, 0x1082, 0x34A2, 0x4FE0, 0x4FE0, 0x57E0, 0x57E0,   // 0x1100 (4352) pixels
0x57E0, 0x57E0, 0x57E0, 0x4FE0, 0x4FE0, 0x4FE0, 0x3462, 0x1062, 0x1082, 0x1082, 0x1082, 0x1082, 0x1082, 0x1082, 0x1082, 0x1082,   // 0x1110 (4368) pixels
0x1082, 0x1082, 0x1082, 0x1082, 0x10C3, 0x4228, 0x2965, 0x4A69, 0x39C7, 0x2145, 0x62C8, 0xC5D4, 0xCE35, 0x6B2A, 0x7BAD, 0xFFDE,   // 0x1120 (4384) pixels
0xFFFF, 0xFFFF, 0xFFFF, 0xFFFF, 0xFFFF, 0xFFFF, 0xFFFF, 0xEF7C, 0x4A47, 0x9CF2, 0xF7BD, 0xFFBB, 0x7B29, 0x2104, 0x18C3, 0x18E3,   // 0x1130 (4400) pixels
0x18E3, 0x10A3, 0x18E4, 0x18E4, 0x18C3, 0x18E4, 0x18E4, 0x10A3, 0x1082, 0x1082, 0x1082, 0x10A2, 0x1082, 0x1082, 0x1082, 0x18E3,   // 0x1140 (4416) pixels
0x2965, 0x2945, 0x2945, 0x2945, 0x2945, 0x2945, 0x2945, 0x2965, 0x2945, 0x2945, 0x2945, 0x2945, 0x2945, 0x2945, 0x18E4, 0x18C3,   // 0x1150 (4432) pixels
0x18C3, 0x18C3, 0x10A3, 0x18C3, 0x41E6, 0x5A88, 0x20E3, 0x5247, 0x5247, 0x4228, 0x7C30, 0x5AEB, 0x2986, 0x73CE, 0x9D14, 0x5AEC,   // 0x1160 (4448) pixels
0x4A27, 0xBD94, 0xE6D8, 0x9CB0, 0x9470, 0xFFFF, 0xFFFF, 0xFFFF, 0xFFFF, 0xFFFF, 0x83CC, 0x3185, 0x39C5, 0x3164, 0x2124, 0x2124,   // 0x1170 (4464) pixels
0x2144, 0x2124, 0x4228, 0x1082, 0x10A2, 0x10A2, 0x10A2, 0x10A2, 0x1082, 0x1082, 0x1082, 0x1082, 0x1082, 0x1082, 0x1082, 0x1082,   // 0x1180 (4480) pixels
0x1082, 0x1083, 0x34A3, 0x4FE0, 0x4FE0, 0x57E0, 0x57E0, 0x57E0, 0x57E0, 0x57E0, 0x57E0, 0x57E0, 0x4FE0, 0x3462, 0x0882, 0x1082,   // 0x1190 (4496) pixels
0x1082, 0x1082, 0x1082, 0x1082, 0x1082, 0x1082, 0x1082, 0x1082, 0x1082, 0x1082, 0x1082, 0x10A3, 0x4208, 0x10C3, 0x18E3, 0x2124,   // 0x11A0 (4512) pixels
0x2145, 0x2945, 0x39C6, 0x39A6, 0x31A6, 0x83AD, 0xFFDE, 0xFFFF, 0xFFFF, 0xFFFF, 0xFFFF, 0xFFFF, 0xFFFF, 0xFFFF, 0xF79C, 0x4A48,   // 0x11B0 (4528) pixels
0x6B6C, 0x6B09, 0x62C7, 0x5ACA, 0x18E3, 0x18E3, 0x18E3, 0x18C3, 0x18E4, 0x18E4, 0x18C3, 0x18E4, 0x18E4, 0x18C3, 0x10A3, 0x10A3,   // 0x11C0 (4544) pixels
0x10A3, 0x18C3, 0x18C3, 0x18C3, 0x10A3, 0x18E4, 0x6B4D, 0x2965, 0x2945, 0x2945, 0x2945, 0x2945, 0x2145, 0x2986, 0x2965, 0x2945,   // 0x11D0 (4560) pixels
0x2945, 0x2945, 0x2945, 0x3186, 0x2945, 0x4A49, 0x31A7, 0x18C3, 0x18C3, 0x18E4, 0x4A69, 0x7BCE, 0x734D, 0x5B0C, 0x736D, 0x62CB,   // 0x11E0 (4576) pixels
0x7C0F, 0x6B6D, 0x8C50, 0x9491, 0x7BCF, 0x73CF, 0x18E3, 0x5B0B, 0x39E6, 0x41E5, 0x39C6, 0xC638, 0xFFFF, 0xFFFF, 0xFFFF, 0xFFFF,   // 0x11F0 (4592) pixels
0xFFFF, 0x83CD, 0x2965, 0x2944, 0x2124, 0x2145, 0x2124, 0x2945, 0x2124, 0x4228, 0x1082, 0x10A2, 0x10A2, 0x10A2, 0x10A2, 0x10A2,   // 0x1200 (4608) pixels
0x10A2, 0x1082, 0x1082, 0x1082, 0x1082, 0x1082, 0x1082, 0x1082, 0x10A2, 0x3443, 0x4F62, 0x4F61, 0x4F61, 0x4F61, 0x4F61, 0x4F61,   // 0x1210 (4624) pixels
0x4F61, 0x4F61, 0x4F61, 0x4F62, 0x3422, 0x1082, 0x1082, 0x1082, 0x1082, 0x1082, 0x1082, 0x1082, 0x1082, 0x1082, 0x1082, 0x1082,   // 0x1220 (4640) pixels
0x1082, 0x10A3, 0x10A3, 0x4208, 0x10C3, 0x18E4, 0x2125, 0x2145, 0x2965, 0x31A5, 0x31A6, 0x3186, 0x7BAD, 0xFFDE, 0xFFFF, 0xFFFF,   // 0x1230 (4656) pixels
0xFFFF, 0xFFFF, 0xFFFF, 0xFFFF, 0xFFFF, 0xF77C, 0x5289, 0x6BAE, 0x20E3, 0x2105, 0x73F0, 0x2124, 0x18E4, 0x18C3, 0x20E4, 0x2104,   // 0x1240 (4672) pixels
0x18C3, 0x18E3, 0x18E4, 0x18C3, 0x18E3, 0x18C3, 0x18C3, 0x18C3, 0x18C3, 0x18C3, 0x18C3, 0x18C3, 0x18E3, 0x6B4D, 0x2965, 0x2965,   // 0x1250 (4688) pixels
0x2966, 0x2945, 0x2945, 0x2945, 0x2986, 0x2966, 0x2945, 0x2945, 0x2945, 0x2945, 0x39E8, 0x2945, 0x4229, 0x31A7, 0x18A3, 0x18C3,   // 0x1260 (4704) pixels
0x18C3, 0x4228, 0x8C91, 0x6B8E, 0x8C72, 0x6BAF, 0x5B0C, 0x94B2, 0x73EF, 0x6B6D, 0x5ACA, 0x630C, 0x8431, 0x18C3, 0x6B8E, 0x2145,   // 0x1270 (4720) pixels
0x18E3, 0x39C7, 0xC617, 0xFFFF, 0xFFFF, 0xFFFF, 0xFFFF, 0xFFFE, 0x942D, 0x8C2F, 0xAD53, 0x734B, 0x4208, 0x3A08, 0x4208, 0x31C6,   // 0x1280 (4736) pixels
0x4A49, 0x1082, 0x10A2, 0x10A2, 0x10A2, 0x1082, 0x1082, 0x1082, 0x1082, 0x1082, 0x1082, 0x1082, 0x1082, 0x1082, 0x1082, 0x1082,   // 0x1290 (4752) pixels
0x10A2, 0x08E1, 0x08E1, 0x08E1, 0x08E1, 0x08E1, 0x08C1, 0x08E1, 0x08E1, 0x08E1, 0x08E1, 0x08A2, 0x1082, 0x1082, 0x1082, 0x1082,   // 0x12A0 (4768) pixels
0x1082, 0x1082, 0x1082, 0x1082, 0x1082, 0x1082, 0x1082, 0x10A2, 0x10A2, 0x10A2, 0x3A08, 0x18E4, 0x2145, 0x2965, 0x31A7, 0x5288,   // 0x12B0 (4784) pixels
0xB553, 0xB554, 0x5289, 0x7BAD, 0xFFDE, 0xFFFF, 0xFFFF, 0xFFFF, 0xFFFF, 0xFFFF, 0xFFFF, 0xFFFF, 0xF77C, 0x5289, 0x6B6D, 0x39A5,   // 0x12C0 (4800) pixels
0x2944, 0x6BAE, 0x2104, 0x18C3, 0x2104, 0x18E4, 0x18C3, 0x18E3, 0x18E4, 0x18C3, 0x18E4, 0x18E3, 0x18E3, 0x18C3, 0x18C3, 0x18C3,   // 0x12D0 (4816) pixels
0x18C3, 0x18A3, 0x18C3, 0x20E4, 0x73AE, 0x3165, 0x3186, 0x3186, 0x2145, 0x2945, 0x2945, 0x31A6, 0x2966, 0x2945, 0x2945, 0x2945,   // 0x12E0 (4832) pixels
0x2945, 0x2945, 0x2945, 0x4228, 0x31A7, 0x18C3, 0x10A3, 0x1082, 0x10A2, 0x2124, 0x8451, 0x6BAE, 0x73AE, 0x738E, 0x632C, 0x73AE,   // 0x12F0 (4848) pixels
0x73AE, 0x5B0B, 0x4A6A, 0x4AAA, 0x3208, 0x5B0C, 0x4A28, 0x5288, 0x4207, 0xBDB6, 0xFFFF, 0xFFFF, 0xFFFF, 0xFFFF, 0xFFFE, 0xB530,   // 0x1300 (4864) pixels
0xEF7C, 0xFFFF, 0xF77B, 0x734C, 0xAD96, 0x73F0, 0x9D14, 0x4A49, 0x1082, 0x10A2, 0x1082, 0x10A2, 0x1082, 0x1082, 0x1082, 0x1082,   // 0x1310 (4880) pixels
0x1082, 0x1082, 0x1082, 0x1082, 0x1082, 0x1082, 0x1082, 0x1983, 0x2282, 0x2282, 0x2282, 0x2282, 0x2282, 0x2262, 0x2262, 0x2262,   // 0x1320 (4896) pixels
0x2262, 0x2262, 0x1982, 0x1082, 0x1082, 0x1082, 0x1082, 0x1082, 0x1082, 0x1082, 0x1082, 0x1082, 0x1082, 0x10A2, 0x10A2, 0x10A2,   // 0x1330 (4912) pixels
0x10A2, 0x4228, 0x4228, 0x94F3, 0x9D14, 0x8C72, 0xB573, 0xFFFE, 0xFFFF, 0xB574, 0x83CD, 0xFFDE, 0xFFFF, 0xFFFF, 0xFFFF, 0xFFFF,   // 0x1340 (4928) pixels
0xFFFF, 0xFFFF, 0xFFFF, 0xF79C, 0x5248, 0x8C50, 0xD69A, 0xC616, 0x4A27, 0x18C3, 0x18E3, 0x18E3, 0x18C3, 0x18E4, 0x18E4, 0x18C3,   // 0x1350 (4944) pixels
0x18E4, 0x18E3, 0x18C3, 0x18E4, 0x18C3, 0x18C3, 0x18C3, 0x18C3, 0x18C3, 0x18C3, 0x18E4, 0x6B6D, 0x3165, 0x2986, 0x3186, 0x31A6,   // 0x1360 (4960) pixels
0x2965, 0x2945, 0x2966, 0x2965, 0x2945, 0x3186, 0x31A7, 0x3186, 0x2945, 0x2945, 0x4208, 0x39C7, 0x18A3, 0x18C3, 0x18C3, 0x18C3,   // 0x1370 (4976) pixels
0x18C3, 0x73CF, 0x9CD1, 0xAD10, 0x9C8E, 0x944D, 0xA4CF, 0xA4AF, 0x630B, 0x73AF, 0x8430, 0x73CF, 0x6B6B, 0xE6FA, 0xF7BF, 0xAD34,   // 0x1380 (4992) pixels
0x9C90, 0xFFFF, 0xFFFF, 0xFFFF, 0xFFFF, 0xFFFF, 0xBD50, 0xEF7C, 0xFFFF, 0xFFBC, 0x9470, 0x7410, 0x9D35, 0x6B8D, 0x4228, 0x1082,   // 0x1390 (5008) pixels
0x10A2, 0x10A2, 0x1082, 0x1082, 0x1082, 0x1082, 0x1082, 0x1082, 0x1082, 0x1082, 0x1082, 0x1082, 0x1082, 0x1082, 0x3483, 0x4FE0,   // 0x13A0 (5024) pixels
0x57E0, 0x57E0, 0x57E0, 0x4FE0, 0x4FE0, 0x57E0, 0x57E0, 0x57E0, 0x5FE0, 0x4462, 0x1082, 0x1082, 0x1082, 0x1082, 0x1082, 0x1082,   // 0x13B0 (5040) pixels
0x1082, 0x1082, 0x1082, 0x1082, 0x1082, 0x10A2, 0x10A2, 0x10A3, 0x4228, 0x39E7, 0x94B3, 0x9D34, 0x8C92, 0xB552, 0xFFFE, 0xFFFF,   // 0x13C0 (5056) pixels
0xBDB5, 0x7BCD, 0xFFBE, 0xFFFF, 0xFFFF, 0xFFFF, 0xFFFF, 0xFFFF, 0xFFFF, 0xFFFF, 0xF77C, 0x5A88, 0xC637, 0xF7DF, 0xFFDF, 0x942E,   // 0x13D0 (5072) pixels
0x18E3, 0x18C3, 0x18C3, 0x18C3, 0x18E3, 0x18C3, 0x18E3, 0x18E3, 0x18C3, 0x18E4, 0x18E3, 0x18E4, 0x2966, 0x18E4, 0x18C3, 0x18C3,   // 0x13E0 (5088) pixels
0x18C3, 0x18E4, 0x7BCF, 0x2965, 0x2986, 0x31A6, 0x3186, 0x2965, 0x2945, 0x3186, 0x2965, 0x39C7, 0x39C7, 0x4228, 0x4208, 0x31A6,   // 0x13F0 (5104) pixels
0x2945, 0x4A69, 0x39C7, 0x18A3, 0x18C3, 0x18C3, 0x18C3, 0x18E3, 0x73CF, 0xAD51, 0x9C8E, 0x9491, 0x9C91, 0x9C91, 0x8C2E, 0x7BCD,   // 0x1400 (5120) pixels
0x634D, 0x9471, 0x630C, 0x6B2B, 0xFFDE, 0xF7DF, 0xD678, 0xAD11, 0xFFFF, 0xFFFF, 0xFFFF, 0xFFFF, 0xFFFF, 0x9C2E, 0x9490, 0xD697,   // 0x1410 (5136) pixels
0xB570, 0x41C6, 0x31A6, 0x39E7, 0x39E7, 0x4A49, 0x1082, 0x10A2, 0x10A2, 0x10A2, 0x1082, 0x1082, 0x1082, 0x1082, 0x1082, 0x1082,   // 0x1420 (5152) pixels
0x1082, 0x1082, 0x1082, 0x1082, 0x1082, 0x3482, 0x4FE0, 0x4FE0, 0x57E0, 0x57E0, 0x4FE0, 0x4FE0, 0x4FE0, 0x57E0, 0x5FE0, 0x6FE0,   // 0x1430 (5168) pixels
0x4C62, 0x1082, 0x1082, 0x1082, 0x1082, 0x1082, 0x1082, 0x1082, 0x1082, 0x1082, 0x10A3, 0x10A3, 0x10A2, 0x10A2, 0x10A3, 0x4229,   // 0x1440 (5184) pixels
0x2125, 0x31E7, 0x39E7, 0x4229, 0x5248, 0xB532, 0xBDB4, 0x62EA, 0x7BAD, 0xFFDE, 0xFFFF, 0xFFFF, 0xFFFF, 0xFFFF, 0xFFFF, 0xFFFF,   // 0x1450 (5200) pixels
0xFFFF, 0xF77C, 0x5A68, 0x9491, 0xF77D, 0xF79B, 0x7B49, 0x18C3, 0x18C3, 0x18C3, 0x18A3, 0x18C3, 0x18C3, 0x18C3, 0x18E3, 0x18E3,   // 0x1460 (5216) pixels
0x18E4, 0x18E4, 0x31E8, 0x8C92, 0x6B8E, 0x2125, 0x18C3, 0x18C3, 0x18E4, 0x73AE, 0x3165, 0x2986, 0x31A7, 0x31A6, 0x2986, 0x2986,   // 0x1470 (5232) pixels
0x2986, 0x3186, 0x39E7, 0x4228, 0x4228, 0x4228, 0x4228, 0x2945, 0x4A49, 0x39C7, 0x18A3, 0x18C3, 0x10A2, 0x10A3, 0x18E3, 0x7BCF,   // 0x1480 (5248) pixels
0xA4D0, 0x9CB0, 0x94B1, 0x8C50, 0x8C50, 0x9470, 0x6B4B, 0x4228, 0x2124, 0x2945, 0x41C6, 0xB553, 0xE6D8, 0x9C8F, 0x9C70, 0xFFFF,   // 0x1490 (5264) pixels
0xFFFF, 0xFFFF, 0xFFFF, 0xFFFE, 0x8BED, 0x3165, 0x3165, 0x2923, 0x2124, 0x1904, 0x2124, 0x2104, 0x4208, 0x1082, 0x10A2, 0x10A2,   // 0x14A0 (5280) pixels
0x1082, 0x1082, 0x1082, 0x10A2, 0x10A2, 0x1082, 0x1082, 0x1082, 0x10A2, 0x1082, 0x1082, 0x1082, 0x34A3, 0x4FE0, 0x4FE0, 0x57C1,   // 0x14B0 (5296) pixels
0x57C1, 0x57E0, 0x57E0, 0x57E0, 0x5FE0, 0x6FE1, 0x87C1, 0x5463, 0x0882, 0x1082, 0x1082, 0x1082, 0x1082, 0x1082, 0x1082, 0x1082,   // 0x14C0 (5312) pixels
0x10A2, 0x10A3, 0x10A3, 0x10A3, 0x10A2, 0x10A3, 0x4229, 0x18C3, 0x1904, 0x2124, 0x2145, 0x2966, 0x31A6, 0x39C7, 0x39A7, 0x7B8D,   // 0x14D0 (5328) pixels
0xFFDE, 0xFFFF, 0xFFFF, 0xFFFF, 0xFFFF, 0xFFFF, 0xFFFF, 0xFFFF, 0xF79C, 0x5AA9, 0x630B, 0x62E9, 0x62A8, 0x5ACB, 0x18E3, 0x18C3,   // 0x14E0 (5344) pixels
0x18C3, 0x18C3, 0x18C3, 0x18C3, 0x18C3, 0x18E3, 0x18E3, 0x18E4, 0x39E8, 0x8CB2, 0x9D34, 0xA555, 0x738E, 0x18E4, 0x18C3, 0x18E4,   // 0x14F0 (5360) pixels
0x7BCE, 0x3165, 0x2965, 0x3186, 0x31A6, 0x2986, 0x3186, 0x31A6, 0x31C7, 0x39C7, 0x4228, 0x4228, 0x4228, 0x4228, 0x2965, 0x4A49,   // 0x1500 (5376) pixels
0x39C7, 0x10A3, 0x10A2, 0x18C3, 0x10A3, 0x18C3, 0x6B6D, 0x6B09, 0x9CB0, 0x7BCE, 0x8C50, 0x8C30, 0x8C50, 0x5268, 0x73CE, 0x6B6D,   // 0x1510 (5392) pixels
0x73AE, 0x9514, 0x3186, 0x39C5, 0x4A28, 0xBDB6, 0xFFFF, 0xFFFF, 0xFFFF, 0xFFFF, 0xFFFE, 0x8C0D, 0x3165, 0x39A5, 0x2925, 0x2104,   // 0x1520 (5408) pixels
0x2124, 0x2125, 0x2104, 0x4A49, 0x1082, 0x10A2, 0x1082, 0x1082, 0x1082, 0x1082, 0x1082, 0x1082, 0x1082, 0x1082, 0x1082, 0x10A2,   // 0x1530 (5424) pixels
0x10A2, 0x1082, 0x1082, 0x34A3, 0x4FE0, 0x57E0, 0x2C01, 0x19E1, 0x19E1, 0x19E1, 0x19E1, 0x19E1, 0x19E1, 0x21E2, 0x1942, 0x1082,   // 0x1540 (5440) pixels
0x1082, 0x1082, 0x1082, 0x1082, 0x1082, 0x1082, 0x1082, 0x10A2, 0x10A3, 0x10A3, 0x10A3, 0x10A3, 0x10A3, 0x4249, 0x18C3, 0x2104,   // 0x1550 (5456) pixels
0x2125, 0x2144, 0x2945, 0x31A6, 0x39C7, 0x39A6, 0x7BAD, 0xFFDE, 0xFFFF, 0xFFFF, 0xFFFF, 0xFFFF, 0xFFFF, 0xFFFF, 0xFFFF, 0xF77C,   // 0x1560 (5472) pixels
0x5ACA, 0x634D, 0x20E3, 0x18C4, 0x73CF, 0x18E3, 0x18C3, 0x18C3, 0x18C3, 0x18C3, 0x18C3, 0x18C3, 0x18C3, 0x18C3, 0x2945, 0x8C72,   // 0x1570 (5488) pixels
0x52AB, 0x52AA, 0x4A69, 0x73AE, 0x39E7, 0x39E7, 0x2104, 0x73AE, 0x2965, 0x2986, 0x3186, 0x3186, 0x2965, 0x2945, 0x31A6, 0x3186,   // 0x1580 (5504) pixels
0x39E7, 0x4228, 0x4228, 0x4208, 0x4208, 0x2965, 0x4A6A, 0x39E7, 0x18C3, 0x18C3, 0x10A3, 0x18C3, 0x18E3, 0x6B8E, 0x6B09, 0x9CD1,   // 0x1590 (5520) pixels
0x7BCE, 0x9491, 0x7BEE, 0x8C50, 0x5AA9, 0x8CB2, 0x8430, 0x8451, 0xA555, 0x2125, 0x2124, 0x4227, 0xBDB6, 0xFFFF, 0xFFFF, 0xFFFF,   // 0x15A0 (5536) pixels
0xFFFF, 0xFFFE, 0x946E, 0x9CB1, 0xD656, 0x940D, 0x39A6, 0x3186, 0x424A, 0x4228, 0x4A69, 0x0882, 0x10A2, 0x10A2, 0x1082, 0x1082,   // 0x15B0 (5552) pixels
0x1082, 0x1082, 0x10A2, 0x1082, 0x1082, 0x1082, 0x1082, 0x1082, 0x1082, 0x1082, 0x34A3, 0x4FE0, 0x57E0, 0x2322, 0x1081, 0x0882,   // 0x15C0 (5568) pixels
0x0882, 0x0882, 0x1082, 0x1082, 0x1082, 0x1082, 0x1082, 0x1082, 0x1082, 0x1082, 0x1082, 0x1082, 0x1082, 0x1082, 0x1082, 0x10A3,   // 0x15D0 (5584) pixels
0x10A3, 0x10A3, 0x10A3, 0x10A3, 0x4229, 0x2104, 0x31A7, 0x31C7, 0x31E7, 0x5AC9, 0xC5F5, 0xC5F6, 0x630B, 0x83CD, 0xFFFF, 0xFFFF,   // 0x15E0 (5600) pixels
0xFFFF, 0xFFFF, 0xFFFF, 0xFFFF, 0xFFFF, 0xFFFF, 0xF79D, 0x5ACA, 0x6B4C, 0x3164, 0x2924, 0x73AE, 0x18E3, 0x18C3, 0x18C3, 0x18C3,   // 0x15F0 (5616) pixels
0x18C3, 0x18C3, 0x18C3, 0x18C3, 0x18C3, 0x18C3, 0x4A49, 0xA575, 0x5289, 0x62CA, 0x5AA9, 0x73CF, 0x31A6, 0x2104, 0x7BCF, 0x2985,   // 0x1600 (5632) pixels
0x3186, 0x31A6, 0x31A6, 0x2965, 0x2945, 0x31C7, 0x2966, 0x2986, 0x31A7, 0x39C7, 0x39E7, 0x2966, 0x2945, 0x4A49, 0x39E8, 0x18C3,   // 0x1610 (5648) pixels
0x18C3, 0x18C3, 0x10A3, 0x18E3, 0x630C, 0xB552, 0x9CB0, 0x94B2, 0x94B2, 0x840F, 0x8C50, 0x7B8D, 0x52EB, 0x2124, 0x2124, 0x5ACA,   // 0x1620 (5664) pixels
0x4A28, 0x5ACA, 0x4A48, 0xAD75, 0xFFFF, 0xFFFF, 0xFFFF, 0xFFFF, 0xFFFE, 0xB530, 0xEF7C, 0xFFFF, 0xF7BC, 0x9CB1, 0x5B2C, 0x634E,   // 0x1630 (5680) pixels
0xA534, 0x4A89, 0x0882, 0x1082, 0x1082, 0x10A2, 0x1082, 0x1082, 0x10A2, 0x10A2, 0x10A2, 0x1082, 0x1082, 0x1082, 0x1082, 0x1082,   // 0x1640 (5696) pixels
0x1082, 0x34A3, 0x4FE0, 0x57E0, 0x2322, 0x1082, 0x1082, 0x1082, 0x1082, 0x1082, 0x1082, 0x1082, 0x1082, 0x1082, 0x1082, 0x1082,   // 0x1650 (5712) pixels
0x1082, 0x1082, 0x1082, 0x1082, 0x1082, 0x1082, 0x10A3, 0x10A3, 0x10A3, 0x10A3, 0x10A3, 0x4249, 0x4228, 0x9D14, 0x9D34, 0x8452,   // 0x1660 (5728) pixels
0xB553, 0xFFFF, 0xFFFF, 0xBDD6, 0x83EE, 0xFFDE, 0xFFFF, 0xFFFF, 0xFFFF, 0xFFFF, 0xFFFF, 0xFFFF, 0xFFFF, 0xF79C, 0x5268, 0x83EE,   // 0x1670 (5744) pixels
0xD6B9, 0xCE37, 0x5A67, 0x18C3, 0x18C3, 0x18C3, 0x18C3, 0x18C3, 0x18C3, 0x18C3, 0x18C3, 0x18C3, 0x18C3, 0x2104, 0x632D, 0x8C51,   // 0x1680 (5760) pixels
0x62EB, 0x2924, 0x2986, 0x1904, 0x2104, 0x7BCF, 0x2985, 0x2966, 0x31A6, 0x2945, 0x2945, 0x2945, 0x31A6, 0x2966, 0x2945, 0x2145,   // 0x1690 (5776) pixels
0x2145, 0x2945, 0x2945, 0x2945, 0x4A49, 0x39E8, 0x18C3, 0x18C3, 0x18C3, 0x18C3, 0x18C3, 0x3186, 0xAD52, 0x9CB0, 0x9CD1, 0x9CB1,   // 0x16A0 (5792) pixels
0x9CF2, 0x944F, 0x7BAD, 0x52AB, 0x18E3, 0x18E3, 0x5268, 0xE6FA, 0xF7BF, 0xAD54, 0x9C90, 0xFFFF, 0xFFFF, 0xFFFF, 0xFFFF, 0xFFFE,   // 0x16B0 (5808) pixels
0xB530, 0xEF5C, 0xFFFF, 0xFFBC, 0x944F, 0x6BAE, 0x8CB2, 0x2965, 0x4A89, 0x0861, 0x1082, 0x1082, 0x10A2, 0x10A2, 0x1082, 0x1082,   // 0x16C0 (5824) pixels
0x1082, 0x1082, 0x1082, 0x1082, 0x1082, 0x1082, 0x1082, 0x10A2, 0x3483, 0x57A1, 0x57A2, 0x2302, 0x1082, 0x1082, 0x1082, 0x1082,   // 0x16D0 (5840) pixels
0x1082, 0x1081, 0x0882, 0x10A1, 0x0882, 0x1082, 0x1082, 0x1082, 0x1082, 0x1082, 0x1082, 0x1082, 0x10A2, 0x10A2, 0x10A2, 0x10A2,   // 0x16E0 (5856) pixels
0x10A2, 0x10A3, 0x4229, 0x4208, 0x8C92, 0x6B8E, 0x7C31, 0xA4D1, 0xFFFE, 0xFFFE, 0xB594, 0x83ED, 0xFFDE, 0xFFFF, 0xFFFF, 0xFFFF,   // 0x16F0 (5872) pixels
0xFFFF, 0xFFFF, 0xFFFF, 0xFFFF, 0xF79D, 0x5AA8, 0x840E, 0xBDD7, 0xEF1C, 0x944D, 0x20E3, 0x18E3, 0x18C3, 0x18C3, 0x18C3, 0x18C3,   // 0x1700 (5888) pixels
0x18C3, 0x18C3, 0x18C3, 0x18C3, 0x18C3, 0x2104, 0x52AB, 0x8410, 0x3186, 0x2104, 0x2104, 0x2104, 0x738E, 0x2986, 0x2966, 0x3186,   // 0x1710 (5904) pixels
0x2945, 0x2945, 0x2145, 0x31A6, 0x2965, 0x2945, 0x2945, 0x2945, 0x2945, 0x2945, 0x2945, 0x4229, 0x39C7, 0x18C3, 0x18C3, 0x18C3,   // 0x1720 (5920) pixels
0x18C3, 0x18E3, 0x6B8E, 0xAD33, 0xA4D0, 0x8C0D, 0x736B, 0x83ED, 0xA4B0, 0x83EF, 0x52CB, 0x18E4, 0x18E3, 0x6B0A, 0xFFBD, 0xF7BE,   // 0x1730 (5936) pixels
0xCE58, 0xA4D0, 0xFFFF, 0xFFFF, 0xFFFF, 0xFFFF, 0xFFFF, 0x944D, 0x83EE, 0xBDD4, 0x8C0D, 0x2986, 0x2985, 0x2165, 0x2124, 0x528A,   // 0x1740 (5952) pixels
0x1081, 0x10A2, 0x1082, 0x10A2, 0x1082, 0x1082, 0x1082, 0x1082, 0x1082, 0x1082, 0x1082, 0x1082, 0x1082, 0x1082, 0x1082, 0x1102,   // 0x1750 (5968) pixels
0x1161, 0x1161, 0x10C2, 0x1082, 0x1082, 0x1082, 0x0882, 0x0883, 0x1922, 0x7C82, 0x7404, 0x0882, 0x1082, 0x1082, 0x1082, 0x1082,   // 0x1760 (5984) pixels
0x1082, 0x1082, 0x1082, 0x10A2, 0x10A2, 0x10A2, 0x10A2, 0x10A2, 0x10A3, 0x4A49, 0x2104, 0x31A7, 0x31A6, 0x31A7, 0x4A07, 0x9490,   // 0x1770 (6000) pixels
0x9CD1, 0x4A68, 0x83ED, 0xFFFE, 0xFFFF, 0xFFFF, 0xFFFF, 0xFFFF, 0xFFFF, 0xFFFF, 0xFFFF, 0xF79D, 0x5A88, 0x736B, 0x8BED, 0x9C8F,   // 0x1780 (6016) pixels
0x7309, 0x18C2, 0x18E3, 0x18E4, 0x18E3, 0x18C3, 0x18C3, 0x18C3, 0x18C3, 0x18C3, 0x18C3, 0x18C3, 0x10A3, 0x2966, 0x2966, 0x2104,   // 0x1790 (6032) pixels
0x20E4, 0x18E3, 0x2104, 0x528A, 0x2966, 0x2945, 0x2945, 0x2945, 0x2945, 0x2945, 0x3186, 0x2965, 0x2945, 0x2945, 0x2945, 0x2945,   // 0x17A0 (6048) pixels
0x2945, 0x2945, 0x39E8, 0x2966, 0x18A3, 0x18C3, 0x18C3, 0x18C3, 0x18C3, 0x4A89, 0x2945, 0x4228, 0x2144, 0x8451, 0x5B0C, 0x83F0,   // 0x17B0 (6064) pixels
0x8C92, 0x31C8, 0x18E4, 0x18E3, 0x4206, 0xAD32, 0xDE97, 0x946F, 0x9490, 0xFFFF, 0xFFFF, 0xFFFF, 0xFFFF, 0xFFFE, 0x8C0D, 0x3165,   // 0x17C0 (6080) pixels
0x2945, 0x2124, 0x18E4, 0x2124, 0x2124, 0x2124, 0x528A, 0x1081, 0x10A2, 0x1082, 0x1082, 0x1082, 0x1082, 0x1082, 0x1082, 0x1082,   // 0x17D0 (6096) pixels
0x1082, 0x1082, 0x1082, 0x1082, 0x1082, 0x1082, 0x1082, 0x1082, 0x1082, 0x1081, 0x1082, 0x1082, 0x1082, 0x10C1, 0x5B82, 0xC722,   // 0x17E0 (6112) pixels
0xE7E0, 0x8463, 0x1083, 0x1082, 0x1082, 0x1082, 0x1082, 0x1082, 0x1082, 0x1082, 0x10A2, 0x10A3, 0x10A3, 0x10A2, 0x10A3, 0x10A3,   // 0x17F0 (6128) pixels
0x4229, 0x18C3, 0x2104, 0x2945, 0x2125, 0x2945, 0x2966, 0x2966, 0x31A6, 0x7BCD, 0xFFDE, 0xFFFF, 0xFFFF, 0xFFFF, 0xFFFF, 0xFFFF,   // 0x1800 (6144) pixels
0xFFFF, 0xFFFF, 0xF79D, 0x5AA9, 0x630B, 0x5A88, 0x5A87, 0x5AEB, 0x18E3, 0x2104, 0x18C3, 0x10A3, 0x18E3, 0x18C3, 0x18C3, 0x18C3,   // 0x1810 (6160) pixels
0x18C3, 0x18C3, 0x18C3, 0x18C3, 0x18E4, 0x2104, 0x18E4, 0x18E4, 0x18E3, 0x18C3, 0x2965, 0x2966, 0x2986, 0x2986, 0x2966, 0x2966,   // 0x1820 (6176) pixels
0x2986, 0x2986, 0x2966, 0x2966, 0x3186, 0x3186, 0x2966, 0x3186, 0x2925, 0x2124, 0x10A2, 0x1082, 0x18C3, 0x18C3, 0x18C3, 0x18C3,   // 0x1830 (6192) pixels
0x10A3, 0x18E3, 0x18E3, 0x630C, 0x632C, 0x5AEB, 0x5AEB, 0x632C, 0x5B2D, 0x18E4, 0x1904, 0x636D, 0x31A6, 0x41C6, 0x4A48, 0xB5B6,   // 0x1840 (6208) pixels
0xFFFF, 0xFFFF, 0xFFFF, 0xFFFF, 0xFFFE, 0x8C2E, 0x3184, 0x39A5, 0x2924, 0x2105, 0x2125, 0x2124, 0x2104, 0x528A, 0x1081, 0x1082,   // 0x1850 (6224) pixels
0x1082, 0x1082, 0x1082, 0x1082, 0x1082, 0x1082, 0x1082, 0x1082, 0x1082, 0x1082, 0x1082, 0x1082, 0x1082, 0x1083, 0x0882, 0x1082,   // 0x1860 (6240) pixels
0x1082, 0x0882, 0x0882, 0x3AA2, 0xA683, 0xCFE1, 0xE7E0, 0xF7E0, 0x8462, 0x0882, 0x1082, 0x1082, 0x1082, 0x1082, 0x1082, 0x1082,   // 0x1870 (6256) pixels
0x1082, 0x1082, 0x10A3, 0x10A3, 0x10A3, 0x10A3, 0x10A3, 0x4228, 0x18C3, 0x18E4, 0x2945, 0x31A7, 0x2965, 0x41E7, 0x41E7, 0x31A6,   // 0x1880 (6272) pixels
0x7BCD, 0xFFDE, 0xFFFF, 0xFFFF, 0xFFFF, 0xFFFF, 0xFFFF, 0xFFFF, 0xFFFF, 0xF77D, 0x5AEA, 0x6B8E, 0x18C3, 0x18C3, 0x73CF, 0x2103,   // 0x1890 (6288) pixels
0x18E4, 0x18C3, 0x18E4, 0x18E4, 0x18E4, 0x18E3, 0x18E3, 0x2146, 0x2965, 0x18C3, 0x18C3, 0x18C3, 0x18C3, 0x18C3, 0x18A3, 0x18C3,   // 0x18A0 (6304) pixels
0x10A2, 0x10A2, 0x18C3, 0x5AEC, 0x630C, 0x630C, 0x632C, 0x632C, 0x630C, 0x630C, 0x5AEC, 0x630C, 0x632C, 0x630C, 0x632C, 0x10A2,   // 0x18B0 (6320) pixels
0x18C3, 0x18A3, 0x10A2, 0x18C3, 0x18C3, 0x18C3, 0x18C3, 0x18C3, 0x2104, 0x2104, 0x4208, 0x8430, 0x8430, 0x7BCE, 0x6B8E, 0x5B4D,   // 0x18C0 (6336) pixels
0x18E3, 0x1904, 0x6B8E, 0x2145, 0x2124, 0x4228, 0xBDD6, 0xFFFF, 0xFFFF, 0xFFFF, 0xFFFF, 0xFFFE, 0x9C8E, 0xB573, 0xE6D8, 0xACD0,   // 0x18D0 (6352) pixels
0x3164, 0x39E8, 0x2965, 0x2924, 0x52CB, 0x1081, 0x1082, 0x1082, 0x1082, 0x1082, 0x1082, 0x1082, 0x1082, 0x1082, 0x1082, 0x1082,   // 0x18E0 (6368) pixels
0x1082, 0x1082, 0x1082, 0x1082, 0x1102, 0x1962, 0x1982, 0x1962, 0x2202, 0x7DA2, 0xBFC1, 0xCFE0, 0xDFE0, 0xF7E0, 0xFFE1, 0x8C44,   // 0x18F0 (6384) pixels
0x0882, 0x1082, 0x1082, 0x1082, 0x1082, 0x1082, 0x1082, 0x1082, 0x10A2, 0x10A3, 0x10A3, 0x10A3, 0x10A3, 0x10A3, 0x4249, 0x2965,   // 0x1900 (6400) pixels
0x4A49, 0x4A49, 0x52CB, 0x734A, 0xDE97, 0xD698, 0x6B4C, 0x7BAC, 0xFFDE, 0xFFFF, 0xFFFF, 0xFFFF, 0xFFFF, 0xFFFF, 0xFFFF, 0xFFFF,   // 0x1910 (6416) pixels
0xF79D, 0x5AEA, 0x6B6C, 0x3165, 0x2903, 0x6B6E, 0x2104, 0x18A3, 0x2104, 0x18E4, 0x18E3, 0x2104, 0x2104, 0x18E4, 0x73CF, 0x8451,   // 0x1920 (6432) pixels
0x31A7, 0x18E4, 0x18C3, 0x18A3, 0x18C3, 0x10A3, 0x18C3, 0x10A2, 0x18C3, 0x2104, 0x18C3, 0x18C3, 0x18C3, 0x18C3, 0x18C3, 0x18C3,   // 0x1930 (6448) pixels
0x18C3, 0x18C3, 0x18C3, 0x18C3, 0x18C3, 0x18C3, 0x18C3, 0x39C7, 0x39C7, 0x2945, 0x18C3, 0x18C3, 0x18C3, 0x18C3, 0x10A3, 0x18E3,   // 0x1940 (6464) pixels
0x18C3, 0x630C, 0x8410, 0x3186, 0x52AA, 0x73CF, 0x31C7, 0x18C3, 0x1904, 0x5289, 0x5AA9, 0x736C, 0x5289, 0xB594, 0xFFFF, 0xFFFF,   // 0x1950 (6480) pixels
0xFFFF, 0xFFFF, 0xFFFF, 0xBD50, 0xF77D, 0xFFFF, 0xFFBD, 0x732A, 0x8C93, 0x8C71, 0x2945, 0x4A8A, 0x0882, 0x1082, 0x1082, 0x1082,   // 0x1960 (6496) pixels
0x1082, 0x1082, 0x1082, 0x1082, 0x1082, 0x1082, 0x1082, 0x1082, 0x1082, 0x1082, 0x1082, 0x3C83, 0x6FC0, 0x7FC1, 0x8FC1, 0x9FE1,   // 0x1970 (6512) pixels
0xB7E0, 0xCFE0, 0xDFE0, 0xEFE0, 0xDF02, 0x83E3, 0x20E2, 0x1082, 0x1082, 0x1082, 0x1082, 0x1082, 0x1082, 0x1082, 0x1082, 0x1082,   // 0x1980 (6528) pixels
0x10A3, 0x10A3, 0x10A3, 0x10A2, 0x10A3, 0x4228, 0x2986, 0x94D3, 0x5B0C, 0x73CE, 0xB573, 0xFFFF, 0xFFFF, 0xC5F6, 0x83CD, 0xFFDE,   // 0x1990 (6544) pixels
0xFFFF, 0xFFFF, 0xFFFF, 0xFFFF, 0xFFFF, 0xFFFF, 0xFFFF, 0xF79D, 0x5AA8, 0x734B, 0x83AC, 0x83AC, 0x49E6, 0x20E4, 0x2104, 0x20E4,   // 0x19A0 (6560) pixels
0x18E4, 0x18E4, 0x18E4, 0x18E3, 0x2145, 0x6B6D, 0x94D3, 0x9CF3, 0x2104, 0x18C3, 0x18C3, 0x18C3, 0x18C3, 0x18E4, 0x18C3, 0x1904,   // 0x19B0 (6576) pixels
0x18E3, 0x2104, 0x18C3, 0x18C3, 0x18C3, 0x18C3, 0x18C3, 0x18C3, 0x18C3, 0x18A3, 0x18C3, 0x18C3, 0x18C3, 0x4249, 0x8C71, 0x7BEF,   // 0x19C0 (6592) pixels
0x8430, 0x2104, 0x18C3, 0x18C3, 0x18C3, 0x18C3, 0x18C3, 0x18E3, 0x18E3, 0x2104, 0x2124, 0x18E3, 0x18E4, 0x18E4, 0x18E3, 0x1904,   // 0x19D0 (6608) pixels
0x5AA9, 0xEF3B, 0xFFDF, 0xBDB5, 0xB552, 0xFFFF, 0xFFFF, 0xFFFF, 0xFFFF, 0xFFFF, 0xB52F, 0xE6DA, 0xFFFF, 0xF79C, 0x62A8, 0xA576,   // 0x19E0 (6624) pixels
0x528A, 0x2925, 0x4A8A, 0x0882, 0x1082, 0x1082, 0x1082, 0x1082, 0x1082, 0x1082, 0x1082, 0x1082, 0x1082, 0x1082, 0x1082, 0x1082,   // 0x19F0 (6640) pixels
0x1082, 0x1082, 0x4483, 0x77E0, 0x87E0, 0x9FE0, 0xB7E0, 0xCFE0, 0xDFE0, 0xEFC0, 0x8C63, 0x18C1, 0x1082, 0x0882, 0x1082, 0x1082,   // 0x1A00 (6656) pixels
0x1082, 0x1082, 0x1082, 0x1082, 0x1082, 0x1082, 0x1082, 0x1082, 0x10A3, 0x10A3, 0x10A2, 0x10A3, 0x4228, 0x4208, 0x8CB3, 0x8471,   // 0x1A10 (6672) pixels
0x8492, 0x946F, 0xFFBE, 0xFFFE, 0xAD33, 0x7BCC, 0xFFDE, 0xFFFF, 0xFFFF, 0xFFFF, 0xFFFF, 0xFFFF, 0xFFFF, 0xFFFF, 0xF79D, 0x62C9,   // 0x1A20 (6688) pixels
0x732A, 0x6B0B, 0x6AEB, 0x72E9, 0x2103, 0x18E3, 0x18E4, 0x18E4, 0x2104, 0x18E3, 0x18E4, 0x7BD0, 0x9D12, 0x4A69, 0x31C7, 0x18C3,   // 0x1A30 (6704) pixels
0x18A3, 0x18C3, 0x10A3, 0x18C3, 0x18E3, 0x2124, 0x632C, 0x52AB, 0x52AA, 0x2104, 0x18E4, 0x18A3, 0x18C3, 0x18C3, 0x18C3, 0x18C3,   // 0x1A40 (6720) pixels
0x18A3, 0x18C3, 0x18C3, 0x18C3, 0x4A49, 0x7BCE, 0x8C50, 0x7BEF, 0x2124, 0x18C3, 0x18C3, 0x18C3, 0x10A3, 0x18C3, 0x18C3, 0x18C3,   // 0x1A50 (6736) pixels
0x18C3, 0x18C3, 0x18E3, 0x18E4, 0x18E3, 0x18E3, 0x1904, 0x6B2B, 0xF7BD, 0xF7DF, 0xD657, 0xA4B0, 0xFFFF, 0xFFFF, 0xFFFF, 0xFFFF,   // 0x1A60 (6752) pixels
0xFFFE, 0x9C4E, 0x734C, 0xA532, 0x7BAC, 0x39C6, 0x4229, 0x39E7, 0x2145, 0x4A8A, 0x0882, 0x1082, 0x1082, 0x1082, 0x1082, 0x1082,   // 0x1A70 (6768) pixels
0x1082, 0x1082, 0x1082, 0x1082, 0x1082, 0x1082, 0x1082, 0x1082, 0x1082, 0x4C83, 0x87E0, 0x9FE0, 0xAFE0, 0xC7E0, 0xDFE0, 0xE7E0,   // 0x1A80 (6784) pixels
0xF7E0, 0xF782, 0x9CA3, 0x3162, 0x1082, 0x1082, 0x1082, 0x1082, 0x1082, 0x1082, 0x1082, 0x1082, 0x1082, 0x1082, 0x1082, 0x10A3,   // 0x1A90 (6800) pixels
0x10A3, 0x10A2, 0x10A3, 0x4228, 0x18C3, 0x1924, 0x2945, 0x2987, 0x39C5, 0x7BAD, 0x83EE, 0x4207, 0x7B8D, 0xFFDE, 0xFFFF, 0xFFFF,   // 0x1AA0 (6816) pixels
0xFFFF, 0xFFFF, 0xFFFF, 0xFFFF, 0xFFFF, 0xF79D, 0x5AA9, 0x6AE9, 0x7B4B, 0x8BEC, 0x6AE9, 0x20E4, 0x18E4, 0x2104, 0x2104, 0x18E3,   // 0x1AB0 (6832) pixels
0x18E3, 0x2125, 0x94B3, 0xA513, 0x528A, 0x18C2, 0x18C3, 0x10A3, 0x18C3, 0x18C3, 0x10A3, 0x18C3, 0x4229, 0x8430, 0x630C, 0x738E,   // 0x1AC0 (6848) pixels
0x3186, 0x18C3, 0x18C3, 0x18C3, 0x18C3, 0x18C3, 0x18C3, 0x18C3, 0x18C3, 0x18C3, 0x18C3, 0x18C3, 0x4207, 0x5A89, 0x2104, 0x18C3,   // 0x1AD0 (6864) pixels
0x18C3, 0x18E3, 0x18C3, 0x18E3, 0x18C3, 0x18C3, 0x18C3, 0x18E3, 0x18E3, 0x18E4, 0x2104, 0x18E4, 0x18E4, 0x1904, 0x4206, 0xAD12,   // 0x1AE0 (6880) pixels
0xD677, 0x944F, 0x9490, 0xFFFF, 0xFFFF, 0xFFFF, 0xFFFF, 0xFFFF, 0x8C2E, 0x31A6, 0x2986, 0x2965, 0x2124, 0x2104, 0x2104, 0x2124,   // 0x1AF0 (6896) pixels
0x52AB, 0x1082, 0x1082, 0x1082, 0x1082, 0x1082, 0x1082, 0x1082, 0x1082, 0x1082, 0x1082, 0x1082, 0x1082, 0x1082, 0x1082, 0x1083,   // 0x1B00 (6912) pixels
0x2223, 0x3B62, 0x4B62, 0x5362, 0x63C2, 0xC6E3, 0xF7E0, 0xFFC0, 0xFFA1, 0xFF60, 0xF6E2, 0x6AE3, 0x0882, 0x1082, 0x1082, 0x1082,   // 0x1B10 (6928) pixels
0x1082, 0x1082, 0x1082, 0x1082, 0x1082, 0x1082, 0x10A3, 0x10A3, 0x10A2, 0x10A3, 0x4228, 0x10C3, 0x18E4, 0x2124, 0x2145, 0x2125,   // 0x1B20 (6944) pixels
0x2945, 0x2946, 0x3166, 0x7B8D, 0xFFDE, 0xFFFF, 0xFFFF, 0xFFFF, 0xFFFF, 0xFFFF, 0xFFFF, 0xFFFF, 0xF79D, 0x5AE9, 0x634B, 0x5227,   // 0x1B30 (6960) pixels
0x5246, 0x630B, 0x2104, 0x18E4, 0x2104, 0x18E3, 0x18C3, 0x3A08, 0x2965, 0x2965, 0x4A49, 0x18C3, 0x18C3, 0x18C3, 0x10A3, 0x18C3,   // 0x1B40 (6976) pixels
0x18C3, 0x10A3, 0x18C3, 0x2966, 0x52AA, 0x736C, 0x4249, 0x2124, 0x10A2, 0x18C3, 0x18C3, 0x18C3, 0x18C3, 0x18C3, 0x18C3, 0x18C3,   // 0x1B50 (6992) pixels
0x18C3, 0x18C3, 0x52AA, 0x840F, 0x73AD, 0x7BEF, 0x2124, 0x18C3, 0x18E3, 0x18C3, 0x18E3, 0x18C3, 0x18C3, 0x18C3, 0x18C3, 0x18E3,   // 0x1B60 (7008) pixels
0x2104, 0x18C3, 0x2104, 0x18E4, 0x2104, 0x6B6E, 0x39C6, 0x41C6, 0x4A27, 0xBDD6, 0xFFFF, 0xFFFF, 0xFFFF, 0xFFFF, 0xFFFF, 0x8C2E,   // 0x1B70 (7024) pixels
0x39C6, 0x4206, 0x3985, 0x2124, 0x2104, 0x2945, 0x2945, 0x4A69, 0x0882, 0x1082, 0x1082, 0x1082, 0x1082, 0x1082, 0x1082, 0x1082,   // 0x1B80 (7040) pixels
0x1082, 0x1082, 0x1082, 0x1082, 0x1082, 0x1082, 0x1082, 0x08A2, 0x0882, 0x1082, 0x1082, 0x0882, 0x18E1, 0x8C43, 0xF742, 0xFF60,   // 0x1B90 (7056) pixels
0xFF20, 0xFEC0, 0x8BA2, 0x0882, 0x1082, 0x1082, 0x1082, 0x1082, 0x1082, 0x1082, 0x1082, 0x1082, 0x1082, 0x10A2, 0x10A2, 0x10A2,   // 0x1BA0 (7072) pixels
0x10A3, 0x4228, 0x18C3, 0x18E4, 0x2124, 0x2145, 0x2944, 0x4A07, 0x4A07, 0x39A6, 0x738D, 0xFFDE, 0xFFFF, 0xFFFF, 0xFFFF, 0xFFFF,   // 0x1BB0 (7088) pixels
0xFFFF, 0xFFFF, 0xFFFF, 0xF79D, 0x5AEA, 0x6BAE, 0x18C3, 0x20E4, 0x73D0, 0x2123, 0x18E3, 0x18E3, 0x18E3, 0x18C3, 0x39C7, 0x2125,   // 0x1BC0 (7104) pixels
0x2124, 0x18E4, 0x1082, 0x10A3, 0x18C3, 0x18C3, 0x18C3, 0x18C3, 0x10A3, 0x18C3, 0x2145, 0x5289, 0x6AEA, 0x4208, 0x2124, 0x10A2,   // 0x1BD0 (7120) pixels
0x18C3, 0x18C3, 0x18C3, 0x18C3, 0x18C3, 0x18C3, 0x18C3, 0x18C3, 0x18C3, 0x4208, 0x8C92, 0x6B6D, 0x8451, 0x1904, 0x10A3, 0x18C3,   // 0x1BE0 (7136) pixels
0x18E3, 0x18C3, 0x18C3, 0x18C3, 0x18C3, 0x18C3, 0x18C3, 0x2104, 0x18C3, 0x18E4, 0x2104, 0x18E3, 0x73AF, 0x2166, 0x2124, 0x4208,   // 0x1BF0 (7152) pixels
0xBDF7, 0xFFFF, 0xFFFF, 0xFFFF, 0xFFFF, 0xFFFF, 0xA4AE, 0xBDD4, 0xEF3A, 0xC592, 0x5289, 0x4249, 0x73D0, 0x73AE, 0x4A69, 0x1082,   // 0x1C00 (7168) pixels
0x1082, 0x1082, 0x1082, 0x1082, 0x1082, 0x1082, 0x1082, 0x1082, 0x1082, 0x1082, 0x1082, 0x1082, 0x1082, 0x1082, 0x1082, 0x1082,   // 0x1C10 (7184) pixels
0x1082, 0x1082, 0x0882, 0x0882, 0x1082, 0x3161, 0xAD02, 0xF6E1, 0xFE80, 0x8B82, 0x0882, 0x1082, 0x1082, 0x1082, 0x1082, 0x1082,   // 0x1C20 (7200) pixels
0x1082, 0x1082, 0x1082, 0x1082, 0x1082, 0x10A3, 0x10A3, 0x10A3, 0x4228, 0x31A6, 0x632D, 0x52EB, 0x634D, 0x83CC, 0xEF19, 0xE6F9,   // 0x1C30 (7216) pixels
0x7BAD, 0x7BAC, 0xFFDE, 0xFFFF, 0xFFFF, 0xFFFF, 0xFFFF, 0xFFFF, 0xFFFF, 0xFFFF, 0xF79D, 0x5AEA, 0x73AD, 0x41C5, 0x3164, 0x636D,   // 0x1C40 (7232) pixels
0x2103, 0x18C3, 0x18C3, 0x10A2, 0x1904, 0x2945, 0x2124, 0x2104, 0x18E3, 0x10A2, 0x10A3, 0x18C3, 0x18C3, 0x18C3, 0x18C3, 0x10A3,   // 0x1C50 (7248) pixels
0x18C3, 0x4229, 0x9CF3, 0x8C50, 0x7BCF, 0x39C7, 0x18A3, 0x18C3, 0x18C3, 0x18C3, 0x18C3, 0x18C3, 0x18C3, 0x18C3, 0x18C3, 0x18C3,   // 0x1C60 (7264) pixels
0x18C3, 0x18E4, 0x18E4, 0x18E3, 0x18E3, 0x18C3, 0x18C3, 0x18E3, 0x18E4, 0x18E4, 0x18E4, 0x18E4, 0x18E4, 0x18E4, 0x18E4, 0x20E4,   // 0x1C70 (7280) pixels
0x2104, 0x18E3, 0x2124, 0x52AA, 0x62C9, 0x83CD, 0x52A9, 0xB594, 0xFFFF, 0xFFFF, 0xFFFF, 0xFFFF, 0xFFFF, 0xBD51, 0xF77C, 0xFFFF,   // 0x1C80 (7296) pixels
0xFFDD, 0x9470, 0x6B8D, 0x8CD4, 0x94F3, 0x528A, 0x1082, 0x1082, 0x1082, 0x1082, 0x1082, 0x1082, 0x1082, 0x1082, 0x1082, 0x1082,   // 0x1C90 (7312) pixels
0x1082, 0x1082, 0x1082, 0x1082, 0x1082, 0x1082, 0x1082, 0x1082, 0x0882, 0x0882, 0x0882, 0x0882, 0x0882, 0x1082, 0x4A22, 0xCD23,   // 0x1CA0 (7328) pixels
0x8B63, 0x0882, 0x1082, 0x1082, 0x1082, 0x1082, 0x1082, 0x1082, 0x1082, 0x1082, 0x1082, 0x1082, 0x10A3, 0x10A3, 0x10A3, 0x4208,   // 0x1CB0 (7344) pixels
0x31A6, 0x8C92, 0x4ACB, 0x8452, 0xB593, 0xFFFF, 0xFFFF, 0xBDF6, 0x7BCD, 0xFFDE, 0xFFFF, 0xFFFF, 0xFFFF, 0xFFFF, 0xFFFF, 0xFFFF,   // 0x1CC0 (7360) pixels
0xFFFF, 0xF79D, 0x62EA, 0x7BCD, 0x944E, 0x83AC, 0x5247, 0x18E3, 0x18C3, 0x18C3, 0x10A3, 0x630C, 0x7BEE, 0x39E7, 0x2104, 0x18C3,   // 0x1CD0 (7376) pixels
0x1082, 0x18C3, 0x18C3, 0x18C3, 0x18C3, 0x18C3, 0x18A3, 0x18C3, 0x2125, 0x73CF, 0x73CF, 0x52CB, 0x2125, 0x18C3, 0x18C3, 0x18C3,   // 0x1CE0 (7392) pixels
0x18C3, 0x18C3, 0x18C3, 0x18C3, 0x18C3, 0x18C3, 0x18E3, 0x18C3, 0x18E3, 0x18C3, 0x18C3, 0x18E3, 0x18C3, 0x18C3, 0x18C3, 0x18C3,   // 0x1CF0 (7408) pixels
0x18A3, 0x18C3, 0x18C3, 0x18C3, 0x18C3, 0x18C3, 0x18C3, 0x18C3, 0x18E4, 0x18E4, 0x5AA8, 0xEF3A, 0xF79E, 0xBDD5, 0x9CB0, 0xFFFF,   // 0x1D00 (7424) pixels
0xFFFF, 0xFFFF, 0xFFFF, 0xFFFF, 0xB530, 0xD698, 0xFFFE, 0xF75A, 0x7BAD, 0x6BAE, 0x73D0, 0x8472, 0x4A8A, 0x0881, 0x1082, 0x1082,   // 0x1D10 (7440) pixels
0x1082, 0x1082, 0x1082, 0x1082, 0x1082, 0x1082, 0x1082, 0x1082, 0x1082, 0x1082, 0x1082, 0x1082, 0x1082, 0x1082, 0x1082, 0x2102,   // 0x1D20 (7456) pixels
0x4202, 0x5262, 0x5262, 0x39A2, 0x18C1, 0x1082, 0x18A2, 0x2922, 0x1082, 0x1082, 0x1082, 0x1082, 0x1082, 0x1082, 0x1082, 0x1082,   // 0x1D30 (7472) pixels
0x1082, 0x1082, 0x1082, 0x10A3, 0x10A3, 0x10A3, 0x3A08, 0x4229, 0x8431, 0x6B8F, 0x7411, 0x83ED, 0xF79D, 0xFFDD, 0x9CB1, 0x7BAC,   // 0x1D40 (7488) pixels
0xFFDE, 0xFFFF, 0xFFFF, 0xFFFF, 0xFFFF, 0xFFFF, 0xFFFF, 0xFFFF, 0xF79E, 0x6B2A, 0xB595, 0xF7BE, 0xEF5C, 0xA48E, 0x20E3, 0x18C3,   // 0x1D50 (7504) pixels
0x18C3, 0x2124, 0xBE18, 0xC637, 0x5ACA, 0x18A2, 0x18C3, 0x10A3, 0x18C3, 0x18C3, 0x18C3, 0x18C3, 0x18E3, 0x39E8, 0x2104, 0x630C,   // 0x1D60 (7520) pixels
0x4A8A, 0x18C3, 0x18C3, 0x18C3, 0x2965, 0x4A49, 0x18C3, 0x18C3, 0x31A6, 0x6B8E, 0x39E8, 0x632C, 0x52CB, 0x1904, 0x18C3, 0x18C3,   // 0x1D70 (7536) pixels
0x18C3, 0x18C3, 0x18C3, 0x18E3, 0x39E7, 0x840F, 0x2965, 0x2124, 0x632C, 0x2925, 0x18E3, 0x52AB, 0x2965, 0x18E4, 0x6B4D, 0x4208,   // 0x1D80 (7552) pixels
0x18E3, 0x6B0A, 0xF77C, 0xF7BE, 0xCE57, 0xAD11, 0xFFFF, 0xFFFF, 0xFFFF, 0xFFFF, 0xFFFF, 0x944E, 0x5AEA, 0x8C4F, 0x6309, 0x31A6,   // 0x1D90 (7568) pixels
0x2125, 0x2105, 0x2124, 0x4A69, 0x1082, 0x1082, 0x1082, 0x1082, 0x1082, 0x1082, 0x1082, 0x1082, 0x1082, 0x1082, 0x1082, 0x1082,   // 0x1DA0 (7584) pixels
0x1082, 0x1082, 0x1082, 0x1082, 0x2942, 0xAD63, 0xF782, 0xFF81, 0xFF60, 0xFF01, 0xFEA1, 0xEE02, 0x8362, 0x18A2, 0x0882, 0x1082,   // 0x1DB0 (7600) pixels
0x1082, 0x1082, 0x1082, 0x1082, 0x1082, 0x1082, 0x1082, 0x1082, 0x1082, 0x10A2, 0x10A2, 0x10A3, 0x10A3, 0x3A08, 0x18E4, 0x2145,   // 0x1DC0 (7616) pixels
0x1924, 0x2125, 0x3185, 0x630A, 0x6B4B, 0x39C7, 0x7B8C, 0xFFDE, 0xFFFF, 0xFFFF, 0xFFFF, 0xFFFF, 0xFFFF, 0xFFFF, 0xFFFF, 0xF79D,   // 0x1DD0 (7632) pixels
0x6B0A, 0x73AD, 0xD679, 0xE6F9, 0x7B69, 0x20E3, 0x18C3, 0x18E3, 0x18C3, 0x2125, 0x73CF, 0x632C, 0x2104, 0x52AA, 0x6B4D, 0x31A6,   // 0x1DE0 (7648) pixels
0x18C3, 0x18C3, 0x18C3, 0x1904, 0x73EF, 0x2986, 0x7C31, 0x8CB2, 0x4249, 0x5B0C, 0x3A08, 0x9D14, 0x39E7, 0x4A8A, 0x5B0C, 0x2986,   // 0x1DF0 (7664) pixels
0x4228, 0x73AE, 0x8C92, 0x8471, 0x1904, 0x18C3, 0x18E3, 0x18E3, 0x2104, 0x18C3, 0x2124, 0x738D, 0x8C51, 0x4229, 0x2965, 0x7BEF,   // 0x1E00 (7680) pixels
0x39C7, 0x2124, 0xA554, 0x4A6A, 0x2104, 0xA513, 0x5ACB, 0x18E3, 0x4207, 0x9CB1, 0xCE16, 0x8C2D, 0x9CB0, 0xFFFF, 0xFFFF, 0xFFFF,   // 0x1E10 (7696) pixels
0xFFFF, 0xFFFF, 0x944F, 0x31A6, 0x3165, 0x2945, 0x2104, 0x2104, 0x2104, 0x2104, 0x4A69, 0x1082, 0x1082, 0x1082, 0x1082, 0x1082,   // 0x1E20 (7712) pixels
0x1082, 0x1082, 0x1082, 0x1082, 0x1082, 0x1082, 0x1082, 0x1082, 0x1082, 0x0882, 0x18E2, 0xD6A4, 0xFFC1, 0xFFA0, 0xFF60, 0xFF20,   // 0x1E30 (7728) pixels
0xFEC0, 0xFE60, 0xFE00, 0xFDA0, 0xABC3, 0x1082, 0x1082, 0x1082, 0x1082, 0x1082, 0x1082, 0x1082, 0x1082, 0x1082, 0x1082, 0x10A2,   // 0x1E40 (7744) pixels
0x10A2, 0x10A2, 0x10A3, 0x10A3, 0x3A08, 0x1904, 0x18E4, 0x1904, 0x2125, 0x2125, 0x2945, 0x2945, 0x2965, 0x736C, 0xFFDE, 0xFFFF,   // 0x1E50 (7760) pixels
0xFFFF, 0xFFFF, 0xFFFF, 0xFFFF, 0xFFFF, 0xFFFF, 0xF79D, 0x6B2A, 0x632B, 0x5268, 0x5268, 0x5AEB, 0x2104, 0x18E3, 0x18E3, 0x18C3,   // 0x1E60 (7776) pixels
0x18E4, 0x73CF, 0x6B6D, 0x3186, 0x6B4D, 0x6B6D, 0x632C, 0x18C3, 0x18C3, 0x18C3, 0x18E4, 0x7C10, 0x1924, 0x52EC, 0x8431, 0x2145,   // 0x1E70 (7792) pixels
0x2986, 0x52AA, 0x6B8E, 0x8430, 0x2145, 0x2965, 0x31A6, 0x94D3, 0x3A08, 0x8430, 0x7C10, 0x18E4, 0x18C3, 0x18E3, 0x18C3, 0x18E3,   // 0x1E80 (7808) pixels
0x18C3, 0x2104, 0x632C, 0x9CF3, 0x4A49, 0x2965, 0x9CD3, 0x39E8, 0x2944, 0xA533, 0x4A49, 0x2944, 0xA534, 0x5ACB, 0x2104, 0x6B6D,   // 0x1E90 (7824) pixels
0x3185, 0x3985, 0x4A28, 0xBDD6, 0xFFFF, 0xFFFF, 0xFFFF, 0xFFFF, 0xFFFF, 0x944E, 0x4A26, 0x62A8, 0x41C5, 0x2925, 0x2104, 0x2105,   // 0x1EA0 (7840) pixels
0x2124, 0x4A69, 0x1082, 0x10A2, 0x1082, 0x1082, 0x1082, 0x1082, 0x1082, 0x1082, 0x1082, 0x1082, 0x1082, 0x1082, 0x1082, 0x1082,   // 0x1EB0 (7856) pixels
0x1082, 0x6B43, 0xFFC1, 0xFFA0, 0xFF60, 0xFF20, 0xFEC0, 0xFE60, 0xFE00, 0xFDA0, 0xFD40, 0xFCE1, 0x5182, 0x1082, 0x1082, 0x1082,   // 0x1EC0 (7872) pixels
0x1082, 0x1082, 0x1082, 0x1082, 0x1082, 0x1082, 0x10A2, 0x10A2, 0x10A2, 0x10A3, 0x10A3, 0x3A08, 0x18C3, 0x18E4, 0x2104, 0x2125,   // 0x1ED0 (7888) pixels
0x3164, 0x5A87, 0x5287, 0x31A5, 0x738C, 0xFFDE, 0xFFFF, 0xFFFF, 0xFFFF, 0xFFFF, 0xFFFF, 0xFFFF, 0xFFFF, 0xF79E, 0x6B4B, 0x73CE,   // 0x1EE0 (7904) pixels
0x18E3, 0x18C4, 0x6BB0, 0x2144, 0x18E4, 0x18C3, 0x18C3, 0x18E4, 0x636D, 0x8C70, 0x2965, 0x6B8E, 0x6B6D, 0x632C, 0x18C3, 0x18C3,   // 0x1EF0 (7920) pixels
0x18C3, 0x18E3, 0x31C7, 0x18E3, 0x39E8, 0x2945, 0x1904, 0x18E4, 0x2104, 0x39E7, 0x2145, 0x18E4, 0x18C3, 0x2145, 0x31A7, 0x2125,   // 0x1F00 (7936) pixels
0x2145, 0x2125, 0x18C3, 0x18C3, 0x18E3, 0x18C3, 0x18C3, 0x18C3, 0x18C3, 0x4207, 0xAD75, 0x39C7, 0x2945, 0xAD54, 0x39C7, 0x2104,   // 0x1F10 (7952) pixels
0x9CF3, 0x4A49, 0x2104, 0x94B2, 0x6B4D, 0x2104, 0x6B8E, 0x2145, 0x2103, 0x4228, 0xBDF6, 0xFFFF, 0xFFFF, 0xFFFF, 0xFFFF, 0xFFFF,   // 0x1F20 (7968) pixels
0xACEF, 0xCE15, 0xF77B, 0xD635, 0x5288, 0x5269, 0x4AAB, 0x6BAE, 0x52AA, 0x1082, 0x10A2, 0x1082, 0x1082, 0x1082, 0x1082, 0x1082,   // 0x1F30 (7984) pixels
0x1082, 0x1082, 0x1082, 0x1082, 0x1082, 0x1082, 0x1082, 0x1082, 0x9CE2, 0xFFA0, 0xFF80, 0xEEC2, 0x9C82, 0x8BA1, 0x8B81, 0xB422,   // 0x1F40 (8000) pixels
0xF541, 0xFCE0, 0xFC80, 0x8A82, 0x1082, 0x1082, 0x1082, 0x1082, 0x1082, 0x1082, 0x1082, 0x1082, 0x1082, 0x10A2, 0x10A2, 0x10A2,   // 0x1F50 (8016) pixels
0x10A3, 0x10A3, 0x39E7, 0x31A6, 0x7BF0, 0x6B4D, 0x8451, 0x940E, 0xF77B, 0xF79B, 0x8C2F, 0x7B8C, 0xFFDE, 0xFFFF, 0xFFFF, 0xFFFF,   // 0x1F60 (8032) pixels
0xFFFF, 0xFFFF, 0xFFFF, 0xFFFF, 0xF79D, 0x6B4B, 0x73AE, 0x41E6, 0x41C5, 0x738E, 0x2144, 0x18E3, 0x18C3, 0x18C3, 0x18C4, 0x9D35,   // 0x1F70 (8048) pixels
0x9CF2, 0x2965, 0x73CF, 0xAD75, 0x5AEB, 0x18C3, 0x18C3, 0x18C3, 0x18C3, 0x18C3, 0x18E3, 0x18C3, 0x18E4, 0x3A08, 0x4A69, 0x6B6D,   // 0x1F80 (8064) pixels
0x7BEF, 0x2965, 0x18E4, 0x18E4, 0x7BF0, 0x31C7, 0x18E3, 0x18C3, 0x18E3, 0x18E3, 0x18C3, 0x18E3, 0x18E3, 0x18E3, 0x18E3, 0x18E3,   // 0x1F90 (8080) pixels
0x3185, 0xBDF6, 0x52AA, 0x18E3, 0xB595, 0x630C, 0x10A2, 0xA513, 0x6B6D, 0x18E3, 0x9CF3, 0x8410, 0x18E3, 0x4207, 0x6B2B, 0x8C0E,   // 0x1FA0 (8096) pixels
0x5AA9, 0xAD74, 0xFFFF, 0xFFFF, 0xFFFF, 0xFFFF, 0xFFFF, 0xCDF2, 0xEF7C, 0xFFFF, 0xFFDE, 0x8C0E, 0x7C10, 0x4AAB, 0xB5D7, 0x5AEB,   // 0x1FB0 (8112) pixels
0x1082, 0x10A2, 0x1082, 0x1082, 0x1082, 0x1082, 0x1082, 0x1082, 0x1082, 0x1082, 0x1082, 0x1082, 0x1082, 0x1082, 0x0882, 0xB582,   // 0x1FC0 (8128) pixels
0xFF80, 0xFF41, 0x5A62, 0x5A63, 0xA3E3, 0x9BC2, 0x3942, 0x7A82, 0xFC80, 0xFC20, 0xAAC1, 0x1082, 0x1082, 0x1082, 0x1082, 0x1082,   // 0x1FD0 (8144) pixels
0x1082, 0x1082, 0x1082, 0x1082, 0x1082, 0x1082, 0x10A2, 0x10A2, 0x10A2, 0x39E7, 0x2145, 0x6BAE, 0x7C51, 0x6BEF, 0xBD73, 0xFFFF,   // 0x1FE0 (8160) pixels
0xFFFF, 0xC5F6, 0x7BAD, 0xFFDE, 0xFFFF, 0xFFFF, 0xFFFF, 0xFFFF, 0xFFFF, 0xFFFF, 0xFFFF, 0xF79D, 0x734B, 0x840E, 0xE71A, 0xEF1A,   // 0x1FF0 (8176) pixels
0x7B8B, 0x18C3, 0x18E3, 0x18E3, 0x18C3, 0x18E4, 0x7C10, 0x632B, 0x2965, 0x5AEB, 0x6B8D, 0x632C, 0x18C3, 0x18C3, 0x18C3, 0x18C3,   // 0x2000 (8192) pixels
0x18E3, 0x18C3, 0x18E3, 0x18C3, 0x39E8, 0x5B0C, 0x7C10, 0x5B0C, 0x2986, 0x2986, 0x2104, 0x52CB, 0x31C7, 0x18E3, 0x18C3, 0x18C3,   // 0x2010 (8208) pixels
0x18C3, 0x18C3, 0x18C3, 0x18C3, 0x18C3, 0x18C3, 0x10A3, 0x2104, 0x7BCE, 0x4229, 0x18E3, 0x7BCE, 0x4229, 0x18E4, 0x738D, 0x4249,   // 0x2020 (8224) pixels
0x1904, 0x6B6D, 0x52AB, 0x2104, 0x5A88, 0xEF5B, 0xF7BE, 0xC5B5, 0x9CB0, 0xFFFF, 0xFFFF, 0xFFFF, 0xFFFF, 0xFFFF, 0xAD30, 0xC637,   // 0x2030 (8240) pixels
0xFFDE, 0xEF39, 0x62EA, 0x8472, 0x638F, 0x9D35, 0x5ACB, 0x1082, 0x10A2, 0x10A2, 0x10A2, 0x1082, 0x1082, 0x1082, 0x1082, 0x1082,   // 0x2040 (8256) pixels
0x1082, 0x1082, 0x1082, 0x1082, 0x1082, 0x0882, 0xBD82, 0xFF40, 0xF6E1, 0x41A1, 0xA3E2, 0xFDE0, 0xFD80, 0x51E3, 0x4142, 0xFC21,   // 0x2050 (8272) pixels
0xFBC0, 0xAAA1, 0x1082, 0x1082, 0x1082, 0x1082, 0x1082, 0x1082, 0x1082, 0x1082, 0x1082, 0x1082, 0x10A2, 0x10A2, 0x10A2, 0x10A2,   // 0x2060 (8288) pixels
0x39E7, 0x31E7, 0x8472, 0x634E, 0x7C31, 0x7BAD, 0xEF3B, 0xF79C, 0x8C70, 0x738C, 0xFFDE, 0xFFFF, 0xFFFF, 0xFFFF, 0xFFFF, 0xFFFF,   // 0x2070 (8304) pixels
0xFFFF, 0xFFFF, 0xF79D, 0x734B, 0xAD75, 0xF7BF, 0xF7BE, 0xB530, 0x20E3, 0x18E3, 0x18E3, 0x18E3, 0x1904, 0x6B8E, 0x94B1, 0x2944,   // 0x2080 (8320) pixels
0x52AA, 0x73AE, 0x5AEB, 0x18E3, 0x18C3, 0x18E3, 0x18C3, 0x18C3, 0x18C3, 0x18E3, 0x18E3, 0x10E3, 0x5B0C, 0x31E8, 0x52EB, 0x31A7,   // 0x2090 (8336) pixels
0x630C, 0x2104, 0x52AB, 0x3A08, 0x18E3, 0x18E4, 0x18E4, 0x18E4, 0x18E3, 0x18E3, 0x18E3, 0x18E3, 0x10C3, 0x1904, 0x2986, 0x39C7,   // 0x20A0 (8352) pixels
0x31A7, 0x31A6, 0x39C7, 0x31C7, 0x31A6, 0x39C7, 0x39C7, 0x31C7, 0x39E7, 0x39C7, 0x39C7, 0x62C9, 0xF79D, 0xF7BF, 0xCE37, 0xA4D0,   // 0x20B0 (8368) pixels
0xFFFF, 0xFFFF, 0xFFFF, 0xFFFF, 0xFFFF, 0x946E, 0x4A68, 0x736B, 0x5287, 0x31A7, 0x2145, 0x2166, 0x2966, 0x52AB, 0x1082, 0x10A2,   // 0x20C0 (8384) pixels
0x10A2, 0x10A2, 0x1082, 0x1082, 0x1082, 0x1082, 0x1082, 0x1082, 0x1082, 0x1082, 0x1082, 0x1082, 0x1082, 0xB502, 0xFF00, 0xFEA0,   // 0x20D0 (8400) pixels
0xF642, 0xFDE1, 0xFD80, 0xFD20, 0x51C3, 0x5161, 0xFBE1, 0xFB60, 0x9A41, 0x1082, 0x1082, 0x1082, 0x1082, 0x1082, 0x1082, 0x1082,   // 0x20E0 (8416) pixels
0x1082, 0x1082, 0x1082, 0x10A2, 0x10A2, 0x10A2, 0x10A2, 0x39C7, 0x10C3, 0x18E4, 0x2105, 0x2145, 0x2965, 0x4A68, 0x5289, 0x3186,   // 0x20F0 (8432) pixels
0x736D, 0xFFDE, 0xFFFF, 0xFFFF, 0xFFFF, 0xFFFF, 0xFFFF, 0xFFFF, 0xFFFF, 0xF79D, 0x734B, 0x7BCE, 0xDEB9, 0xEF3A, 0x83CB, 0x18E2,   // 0x2100 (8448) pixels
0x18E3, 0x18E3, 0x18E3, 0x18E4, 0x8CB2, 0x73AD, 0x2924, 0x4A8A, 0x73CF, 0x4229, 0x10A2, 0x18C3, 0x18C3, 0x18E3, 0x18C3, 0x18E3,   // 0x2110 (8464) pixels
0x2124, 0x39E7, 0x4249, 0x4209, 0x2966, 0x31C7, 0x18E4, 0x18E4, 0x5AEB, 0x632D, 0x52AA, 0x6B6D, 0x31C7, 0x18E4, 0x18E4, 0x18E3,   // 0x2120 (8480) pixels
0x18E3, 0x18E3, 0x18C3, 0x18C3, 0x1904, 0x2965, 0x2965, 0x2965, 0x2965, 0x2965, 0x2966, 0x2965, 0x2966, 0x2966, 0x2966, 0x2966,   // 0x2130 (8496) pixels
0x2966, 0x39E8, 0x3186, 0x9C70, 0xC5D5, 0x83EE, 0x9CB1, 0xFFFF, 0xFFFF, 0xFFFF, 0xFFFF, 0xFFFE, 0x946E, 0x3186, 0x2966, 0x2926,   // 0x2140 (8512) pixels
0x2104, 0x2104, 0x2124, 0x2104, 0x52AA, 0x1082, 0x10A2, 0x10A2, 0x10A2, 0x1082, 0x1082, 0x1082, 0x1082, 0x1082, 0x1082, 0x1082,   // 0x2150 (8528) pixels
0x1082, 0x1082, 0x1082, 0x0882, 0x9422, 0xFEC0, 0xFE60, 0xFE00, 0xFDA0, 0xFD20, 0xFCC0, 0x51A3, 0x7A02, 0xFB80, 0xFB20, 0x89C1,   // 0x2160 (8544) pixels
0x1082, 0x1082, 0x1082, 0x1082, 0x1082, 0x1082, 0x1082, 0x1082, 0x1082, 0x10A2, 0x10A2, 0x10A2, 0x10A2, 0x10A2, 0x39E7, 0x18C3,   // 0x2170 (8560) pixels
0x18E4, 0x20E4, 0x1924, 0x2125, 0x2145, 0x2945, 0x3165, 0x736C, 0xFFDE, 0xFFFF, 0xFFFF, 0xFFFF, 0xFFFF, 0xFFFF, 0xFFFF, 0xFFFF,   // 0x2180 (8576) pixels
0xF7BE, 0x736C, 0x738D, 0x5267, 0x4A48, 0x632C, 0x2124, 0x1904, 0x39E8, 0x528A, 0x2965, 0x3186, 0x2965, 0x31C7, 0x4AAA, 0x4A49,   // 0x2190 (8592) pixels
0x2124, 0x3186, 0x2945, 0x18E3, 0x18C3, 0x18E3, 0x18C3, 0x18E4, 0x7BF0, 0x636D, 0x52CB, 0x8C92, 0x39E7, 0x5AEC, 0x4249, 0x73F0,   // 0x21A0 (8608) pixels
0x2145, 0x6B8E, 0x3A08, 0x6B8E, 0x18E3, 0x18E3, 0x18E3, 0x18E3, 0x18C3, 0x18C3, 0x18C3, 0x1904, 0x2965, 0x2965, 0x2965, 0x2965,   // 0x21B0 (8624) pixels
0x2966, 0x2966, 0x2965, 0x2966, 0x3186, 0x2966, 0x2125, 0x2966, 0x31C7, 0x4A8A, 0x3185, 0x3185, 0x4228, 0xB5B6, 0xFFFF, 0xFFFF,   // 0x21C0 (8640) pixels
0xFFFF, 0xFFFF, 0xFFFE, 0x946E, 0x5288, 0x7329, 0x5226, 0x2945, 0x20E4, 0x2124, 0x2104, 0x528A, 0x1082, 0x1082, 0x1082, 0x1082,   // 0x21D0 (8656) pixels
0x1082, 0x1082, 0x1082, 0x1082, 0x1082, 0x1082, 0x1082, 0x1082, 0x1082, 0x1082, 0x0882, 0x6AE2, 0xFE42, 0xFE01, 0xFDA1, 0xFD41,   // 0x21E0 (8672) pixels
0xF4E1, 0xF481, 0x5163, 0x5162, 0x79C2, 0x81A2, 0x38C2, 0x0883, 0x1082, 0x1082, 0x1082, 0x1082, 0x1082, 0x1082, 0x1082, 0x1082,   // 0x21F0 (8688) pixels
0x10A2, 0x10A2, 0x10A2, 0x10A2, 0x10A2, 0x3A08, 0x18E4, 0x2145, 0x2124, 0x2144, 0x39A5, 0x7329, 0x7329, 0x39A6, 0x736C, 0xFFDE,   // 0x2200 (8704) pixels
0xFFFF, 0xFFFF, 0xFFFF, 0xFFFF, 0xFFFF, 0xFFFF, 0xFFFF, 0xF7BE, 0x734C, 0x7BCE, 0x2103, 0x20E4, 0x6BAF, 0x3185, 0x2104, 0x8451,   // 0x2210 (8720) pixels
0x94F3, 0x73AE, 0xDEFA, 0x738D, 0x2945, 0x2125, 0x2945, 0x4A49, 0x9CF3, 0x738E, 0x18C3, 0x18C3, 0x18C3, 0x18C3, 0x2105, 0x8431,   // 0x2220 (8736) pixels
0x7BF0, 0x2124, 0x6BAF, 0x18E4, 0x2125, 0x1925, 0x7C31, 0x52CB, 0x73AF, 0x52CB, 0x2945, 0x18C3, 0x18C3, 0x18C3, 0x18C3, 0x18E3,   // 0x2230 (8752) pixels
0x18C3, 0x18C3, 0x2104, 0x2965, 0x2965, 0x2965, 0x2965, 0x31A6, 0x39C7, 0x31A6, 0x31A6, 0x31A6, 0x2965, 0x2966, 0x3186, 0x39C7,   // 0x2240 (8768) pixels
0x4A8A, 0x2125, 0x2104, 0x4208, 0xB5B6, 0xFFFF, 0xFFFF, 0xFFFF, 0xFFFF, 0xFFFF, 0xAD0F, 0xD677, 0xFFDD, 0xE6D7, 0x5267, 0x4228,   // 0x2250 (8784) pixels
0x4228, 0x5AEB, 0x5ACB, 0x1082, 0x1082, 0x1082, 0x1082, 0x1082, 0x1082, 0x1082, 0x1082, 0x1082, 0x1082, 0x1082, 0x1082, 0x1082,   // 0x2260 (8800) pixels
0x1082, 0x1082, 0x18A2, 0x3161, 0x3142, 0x3122, 0x3122, 0x3122, 0x3101, 0x18A2, 0x0882, 0x0882, 0x0882, 0x0882, 0x1082, 0x1082,   // 0x2270 (8816) pixels
0x1082, 0x1082, 0x1082, 0x1082, 0x1082, 0x1082, 0x1082, 0x10A2, 0x10A2, 0x10A2, 0x10A2, 0x10A2, 0x3A08, 0x31C7, 0x8431, 0x5B0B,   // 0x2280 (8832) pixels
0x94B2, 0x9CAF, 0xFFBC, 0xFFDD, 0x9CB1, 0x736C, 0xFFDE, 0xFFFF, 0xFFFF, 0xFFFF, 0xFFFF, 0xFFFF, 0xFFFF, 0xFFFF, 0xF7BE, 0x736C,   // 0x2290 (8848) pixels
0x7BCE, 0x4A46, 0x4A06, 0x73AE, 0x2944, 0x18E4, 0x73D0, 0x7BF0, 0x8451, 0xA533, 0x630B, 0x2944, 0x2945, 0x2945, 0x4229, 0x9D14,   // 0x22A0 (8864) pixels
0x7BEF, 0x18C3, 0x18C3, 0x18C3, 0x18C3, 0x18E4, 0x2945, 0x2145, 0x18E4, 0x2945, 0x18E4, 0x18E4, 0x20E4, 0x2966, 0x31C7, 0x2145,   // 0x22B0 (8880) pixels
0x1904, 0x18E4, 0x18E4, 0x18E3, 0x18E3, 0x18C3, 0x10A3, 0x18C3, 0x18C3, 0x2104, 0x2965, 0x2965, 0x2965, 0x2965, 0x3186, 0x3186,   // 0x22C0 (8896) pixels
0x3186, 0x3186, 0x3186, 0x2965, 0x2966, 0x3186, 0x39C7, 0x39E7, 0x736B, 0x9CB0, 0x62EA, 0xA4F3, 0xFFFF, 0xFFFF, 0xFFFF, 0xFFFF,   // 0x22D0 (8912) pixels
0xFFFF, 0xC5B1, 0xEF5C, 0xFFFF, 0xFFDE, 0x83ED, 0x8430, 0x4A8B, 0x9D34, 0x5AEC, 0x1082, 0x10A2, 0x1082, 0x1082, 0x1082, 0x1082,   // 0x22E0 (8928) pixels
0x1082, 0x1082, 0x1082, 0x1082, 0x1082, 0x1082, 0x1082, 0x1082, 0x0882, 0x1082, 0x0882, 0x1081, 0x4141, 0x6202, 0x7202, 0x71E2,   // 0x22F0 (8944) pixels
0x6182, 0x38E2, 0x1861, 0x0883, 0x1082, 0x1082, 0x1082, 0x1082, 0x1082, 0x1082, 0x1082, 0x1082, 0x1082, 0x1082, 0x10A2, 0x10A3,   // 0x2300 (8960) pixels
0x10A2, 0x10A2, 0x10A3, 0x39E8, 0x2986, 0x8C92, 0x8452, 0x94F4, 0xB573, 0xFFFF, 0xFFFF, 0xC616, 0x7B8C, 0xFFDE, 0xFFFF, 0xFFFF,   // 0x2310 (8976) pixels
0xFFFF, 0xFFFF, 0xFFFF, 0xFFFF, 0xFFFF, 0xFFBE, 0x734B, 0x840F, 0xEF3B, 0xF75B, 0x8BED, 0x20E3, 0x18C3, 0x1904, 0x2105, 0x31C8,   // 0x2320 (8992) pixels
0x4A48, 0x2965, 0x2986, 0x3A08, 0x39E7, 0x4208, 0x2966, 0x2965, 0x4A69, 0x39E7, 0x18C3, 0x18C3, 0x18E3, 0x18C3, 0x18E4, 0x18E3,   // 0x2330 (9008) pixels
0x18E3, 0x18E3, 0x18E3, 0x18E3, 0x18E4, 0x18E4, 0x18E3, 0x18E4, 0x18E3, 0x18E3, 0x18E3, 0x18E3, 0x18E3, 0x18E3, 0x10A3, 0x18C3,   // 0x2340 (9024) pixels
0x2104, 0x2965, 0x3186, 0x31A6, 0x31A6, 0x31A6, 0x31A6, 0x31A6, 0x31A7, 0x31A6, 0x39C7, 0x31C6, 0x31A7, 0x4208, 0x5A89, 0xF77C,   // 0x2350 (9040) pixels
0xF7BF, 0xCE17, 0x9CAF, 0xFFFF, 0xFFFF, 0xFFFF, 0xFFFF, 0xFFFF, 0xACF0, 0xB594, 0xF79D, 0xDED8, 0x630B, 0x8C92, 0x73D0, 0xA596,   // 0x2360 (9056) pixels
0x5ACB, 0x1081, 0x10A2, 0x1082, 0x1082, 0x1082, 0x1082, 0x1082, 0x1082, 0x1082, 0x1082, 0x1082, 0x1082, 0x1082, 0x1082, 0x1082,   // 0x2370 (9072) pixels
0x0882, 0x4982, 0xD442, 0xFC81, 0xFC20, 0xFBC0, 0xFB60, 0xFB00, 0xFAC1, 0xC222, 0x40C1, 0x0882, 0x1082, 0x1082, 0x1082, 0x1082,   // 0x2380 (9088) pixels
0x1082, 0x1082, 0x1082, 0x1082, 0x10A3, 0x10A3, 0x10A3, 0x10A3, 0x10A2, 0x10A2, 0x39E7, 0x2145, 0x528C, 0x424B, 0x4AAD, 0x6B2C,   // 0x2390 (9104) pixels
0xDEDA, 0xEF3B, 0x7BEE, 0x736C, 0xFFDE, 0xFFFF, 0xFFFF, 0xFFFF, 0xFFFF, 0xFFFF, 0xFFFF, 0xFFFF, 0xF7BE, 0x736B, 0xAD75, 0xF7DF,   // 0x23A0 (9120) pixels
0xF7DF, 0xBD72, 0x2103, 0x18E3, 0x1904, 0x18E4, 0x8CD3, 0xA513, 0x4207, 0x4208, 0x5B0B, 0x9D34, 0x630C, 0x4228, 0x4229, 0x8430,   // 0x23B0 (9136) pixels
0x8C71, 0x1903, 0x18E3, 0x18C3, 0x18E3, 0x18C3, 0x18E3, 0x18E3, 0x18E4, 0x18E4, 0x18E4, 0x18E3, 0x18E3, 0x18E3, 0x18E3, 0x18E3,   // 0x23C0 (9152) pixels
0x18E3, 0x18E3, 0x18E3, 0x18E3, 0x18E4, 0x18E3, 0x10A3, 0x18E3, 0x2965, 0x2966, 0x3186, 0x31A6, 0x31A6, 0x3186, 0x39C6, 0x31A6,   // 0x23D0 (9168) pixels
0x31A6, 0x39C7, 0x39C6, 0x31A6, 0x39C7, 0x62CA, 0xF79D, 0xFFDF, 0xCE17, 0x9CB0, 0xFFFF, 0xFFFF, 0xFFFF, 0xFFFF, 0xFFFF, 0x9C6F,   // 0x23E0 (9184) pixels
0x4207, 0x5AEA, 0x4A48, 0x3186, 0x2145, 0x2146, 0x2166, 0x528A, 0x1081, 0x10A2, 0x1082, 0x1082, 0x1082, 0x1082, 0x1082, 0x1082,   // 0x23F0 (9200) pixels
0x1082, 0x1082, 0x1082, 0x1082, 0x1082, 0x1082, 0x0882, 0x3121, 0xECE2, 0xFCA0, 0xFC40, 0xFBE0, 0xFB80, 0xFB00, 0xFAC0, 0xFA80,   // 0x2400 (9216) pixels
0xFA20, 0xDA01, 0x2881, 0x1082, 0x1082, 0x1082, 0x1082, 0x1082, 0x1082, 0x1082, 0x1082, 0x1082, 0x10A3, 0x10A3, 0x10A2, 0x10A2,   // 0x2410 (9232) pixels
0x10A2, 0x39E7, 0x18C3, 0x18E4, 0x2124, 0x1905, 0x2125, 0x39E6, 0x3A07, 0x2965, 0x736C, 0xFFDE, 0xFFFF, 0xFFFF, 0xFFFF, 0xFFFF,   // 0x2420 (9248) pixels
0xFFFF, 0xFFFF, 0xFFFF, 0xFFBE, 0x736C, 0x736C, 0xD699, 0xE73A, 0x8BCC, 0x2104, 0x2104, 0x2104, 0x18E4, 0x8451, 0xA4F3, 0x3186,   // 0x2430 (9264) pixels
0x630C, 0x7BEF, 0xA554, 0x7BCE, 0x4228, 0x31A7, 0x73CE, 0x8430, 0x1904, 0x18E4, 0x18E3, 0x18C3, 0x18E4, 0x18E4, 0x18E4, 0x18E4,   // 0x2440 (9280) pixels
0x18E4, 0x18E4, 0x18E4, 0x18E4, 0x1904, 0x18E4, 0x18E4, 0x18E4, 0x18E4, 0x18C3, 0x18E3, 0x18E3, 0x18E3, 0x18E3, 0x2104, 0x2965,   // 0x2450 (9296) pixels
0x2945, 0x31A6, 0x31A6, 0x31A6, 0x39C6, 0x39C6, 0x39C6, 0x31A6, 0x31A6, 0x31C6, 0x31A6, 0x39E8, 0x3185, 0x83EE, 0xB554, 0x73AD,   // 0x2460 (9312) pixels
0x9C90, 0xFFFF, 0xFFFF, 0xFFFF, 0xFFFF, 0xFFFF, 0x9C8F, 0x31A6, 0x2965, 0x2925, 0x2125, 0x2124, 0x2125, 0x2104, 0x528A, 0x1081,   // 0x2470 (9328) pixels
0x10A2, 0x1082, 0x1082, 0x1082, 0x1082, 0x1082, 0x1082, 0x1082, 0x1082, 0x1082, 0x1082, 0x1082, 0x1082, 0x0882, 0x7AA2, 0xFCC0,   // 0x2480 (9344) pixels
0xFC40, 0xFBE0, 0xFB80, 0xFB40, 0xFAE0, 0xFA80, 0xFA40, 0xF9E0, 0xF9E0, 0x7122, 0x1082, 0x1082, 0x1082, 0x1082, 0x1082, 0x1082,   // 0x2490 (9360) pixels
0x1082, 0x1082, 0x1082, 0x10A3, 0x10A3, 0x10A3, 0x10A3, 0x10A3, 0x39E8, 0x18C3, 0x18E4, 0x2124, 0x1904, 0x2125, 0x2125, 0x2145,   // 0x24A0 (9376) pixels
0x2965, 0x736C, 0xFFDE, 0xFFFF, 0xFFFF, 0xFFFF, 0xFFFF, 0xFFFF, 0xFFFF, 0xFFFF, 0xFFBE, 0x7B8C, 0x73AD, 0x4227, 0x4A07, 0x6B4D,   // 0x24B0 (9392) pixels
0x2945, 0x2104, 0x20E4, 0x18E4, 0x8472, 0x8C92, 0x4228, 0x4249, 0x63AE, 0xA575, 0x6B8E, 0x4248, 0x3A09, 0x73F0, 0x7C10, 0x18E3,   // 0x24C0 (9408) pixels
0x18E3, 0x18E4, 0x1904, 0x1904, 0x1904, 0x20E4, 0x2104, 0x1903, 0x1904, 0x1904, 0x1904, 0x2104, 0x18E4, 0x2104, 0x18E3, 0x18E4,   // 0x24D0 (9424) pixels
0x18E4, 0x18C3, 0x18E4, 0x18E3, 0x18E3, 0x18E3, 0x2965, 0x2966, 0x39C7, 0x39C7, 0x39C7, 0x39C7, 0x39E7, 0x39C7, 0x39C7, 0x39C7,   // 0x24E0 (9440) pixels
0x39C7, 0x31A6, 0x31A6, 0x4A8A, 0x2945, 0x3165, 0x4228, 0xB5B6, 0xFFFF, 0xFFFF, 0xFFFF, 0xFFFF, 0xFFFF, 0xA4AF, 0x630A, 0x9C6D,   // 0x24F0 (9456) pixels
0x7B69, 0x3164, 0x2945, 0x3186, 0x2104, 0x528A, 0x1082, 0x1082, 0x1082, 0x1082, 0x1082, 0x1082, 0x1082, 0x1082, 0x1082, 0x1082,   // 0x2500 (9472) pixels
0x1082, 0x1082, 0x1082, 0x1082, 0x1082, 0xAB42, 0xFC60, 0xFBE0, 0xB2C2, 0x5962, 0x4101, 0x40E1, 0x58E1, 0xB1A2, 0xF9C0, 0xF9C0,   // 0x2510 (9488) pixels
0xA142, 0x1082, 0x1082, 0x1082, 0x1082, 0x1082, 0x1082, 0x1082, 0x1082, 0x10A3, 0x10A3, 0x10A3, 0x10A3, 0x10A3, 0x10A3, 0x3A08,   // 0x2520 (9504) pixels
0x18E4, 0x1904, 0x2145, 0x2104, 0x41C5, 0x940C, 0x8BEC, 0x41E6, 0x736C, 0xFFFE, 0xFFFF, 0xFFFF, 0xFFFF, 0xFFFF, 0xFFFF, 0xFFFF,   // 0x2530 (9520) pixels
0xFFFF, 0xFFBE, 0x7B8D, 0x7BEF, 0x2104, 0x2925, 0x73F0, 0x3185, 0x1904, 0x39E7, 0x4A68, 0x2145, 0x4A6A, 0x4A69, 0x39E7, 0x5AEA,   // 0x2540 (9536) pixels
0x4248, 0x2124, 0x18E3, 0x4228, 0x5ACA, 0x2945, 0x39E7, 0x39E6, 0x2965, 0x5B0B, 0x31A5, 0x4A49, 0x5B0C, 0x2124, 0x4A69, 0x52EB,   // 0x2550 (9552) pixels
0x20E3, 0x5AEB, 0x4A49, 0x2945, 0x5AEB, 0x1904, 0x18E3, 0x18E4, 0x18E4, 0x18E4, 0x18E4, 0x18E4, 0x18E3, 0x2945, 0x2965, 0x2945,   // 0x2560 (9568) pixels
0x2965, 0x2965, 0x2965, 0x2966, 0x2966, 0x2966, 0x2966, 0x2966, 0x3166, 0x31A7, 0x528B, 0x2945, 0x2944, 0x4228, 0xB5D6, 0xFFFF,   // 0x2570 (9584) pixels
0xFFFF, 0xFFFF, 0xFFFF, 0xFFFF, 0xBD71, 0xDE97, 0xFFFE, 0xF779, 0x7B8B, 0x9D14, 0x9CD3, 0x2965, 0x4A8A, 0x1062, 0x1082, 0x1082,   // 0x2580 (9600) pixels
0x1082, 0x1082, 0x1082, 0x1082, 0x1082, 0x1082, 0x1082, 0x1082, 0x1082, 0x1082, 0x1082, 0x1082, 0xBB41, 0xFC00, 0xF3A1, 0x30C1,   // 0x2590 (9616) pixels
0x1082, 0x1082, 0x1082, 0x1082, 0x3881, 0xF1C1, 0xF9C0, 0xA961, 0x1082, 0x1082, 0x1082, 0x1082, 0x1082, 0x1082, 0x1082, 0x10A2,   // 0x25A0 (9632) pixels
0x10A3, 0x10A3, 0x10A3, 0x10A3, 0x10A3, 0x10A3, 0x3A08, 0x31C7, 0x7BF0, 0x630C, 0x8C51, 0xA4AF, 0xFFDD, 0xFFDE, 0xA512, 0x7B8C,   // 0x25B0 (9648) pixels
0xFFDE, 0xFFFF, 0xFFFF, 0xFFFF, 0xFFFF, 0xFFFF, 0xFFFF, 0xFFFF, 0xFFBE, 0x7BAD, 0x73CD, 0x5AA8, 0x5A87, 0x6B4D, 0x2945, 0x2966,   // 0x25C0 (9664) pixels
0xA555, 0x94B1, 0x41C6, 0x6B6D, 0x73EF, 0x8471, 0xBDF6, 0x6B8D, 0x4249, 0x52CB, 0x73AF, 0xA513, 0x5ACA, 0x7BF0, 0x73AE, 0x632C,   // 0x25D0 (9680) pixels
0x8C92, 0x8430, 0x5AEB, 0x8C91, 0x7BCE, 0x5AEC, 0x7C10, 0x8C31, 0x73AF, 0x73CF, 0x8C51, 0x8451, 0x2965, 0x4227, 0x4228, 0x2965,   // 0x25E0 (9696) pixels
0x18E4, 0x18E4, 0x18E4, 0x2124, 0x2966, 0x2945, 0x2965, 0x2966, 0x2966, 0x2965, 0x2966, 0x2966, 0x2966, 0x2986, 0x2966, 0x3186,   // 0x25F0 (9712) pixels
0x31A7, 0x39C6, 0x8C0D, 0xBD73, 0x736C, 0xAD33, 0xFFFF, 0xFFFF, 0xFFFF, 0xFFFF, 0xFFFF, 0xD633, 0xEF5B, 0xFFFF, 0xFFFD, 0x946F,   // 0x2600 (9728) pixels
0x8CB3, 0x73CE, 0x3186, 0x4A6A, 0x1082, 0x10A2, 0x1082, 0x1082, 0x1082, 0x1082, 0x1082, 0x1082, 0x1082, 0x1082, 0x1082, 0x1082,   // 0x2610 (9744) pixels
0x1082, 0x1082, 0x1082, 0xB301, 0xFBA0, 0xFB61, 0x6121, 0x0882, 0x1082, 0x1082, 0x1062, 0x60C1, 0xF9C0, 0xF9C0, 0xA962, 0x1082,   // 0x2620 (9760) pixels
0x0882, 0x1082, 0x1082, 0x1082, 0x1082, 0x10A2, 0x10A2, 0x10A2, 0x10A2, 0x10A2, 0x10A3, 0x10A3, 0x10A3, 0x39E7, 0x2145, 0x73CF,   // 0x2630 (9776) pixels
0x638E, 0x6BAF, 0xB552, 0xFFFF, 0xFFFF, 0xBDF6, 0x7BAD, 0xFFDE, 0xFFFF, 0xFFFF, 0xFFFF, 0xFFFF, 0xFFFF, 0xFFFF, 0xFFFF, 0xFFBE,   // 0x2640 (9792) pixels
0x7B8C, 0x842F, 0xEF5C, 0xF79C, 0x942C, 0x2924, 0x2987, 0x94F4, 0x9C71, 0x6AE9, 0x738D, 0x5B2C, 0x6B8D, 0x8C70, 0x4A69, 0x18E3,   // 0x2650 (9808) pixels
0x10C3, 0x4229, 0x8C91, 0x4A6A, 0x52AB, 0x5ACB, 0x4208, 0x5AEC, 0x5ACB, 0x4228, 0x5B2C, 0x5AEC, 0x4229, 0x5B0C, 0x4A6A, 0x4A8A,   // 0x2660 (9824) pixels
0x52CB, 0x4A49, 0x52CB, 0x73CF, 0x9D34, 0x7C0F, 0x73CF, 0x18E3, 0x2104, 0x18C3, 0x2104, 0x2966, 0x3166, 0x2966, 0x2966, 0x3186,   // 0x2670 (9840) pixels
0x3186, 0x2966, 0x3186, 0x3186, 0x3186, 0x31A6, 0x3186, 0x39E7, 0x734B, 0xFF9C, 0xF7DE, 0xCE37, 0xA4B0, 0xFFFF, 0xFFFF, 0xFFFF,   // 0x2680 (9856) pixels
0xFFFF, 0xFFFF, 0xAD10, 0xAD74, 0xEF5C, 0xDED9, 0x5AA9, 0x73F1, 0x8451, 0x2945, 0x528A, 0x1082, 0x10A2, 0x1082, 0x1082, 0x1082,   // 0x2690 (9872) pixels
0x1082, 0x1082, 0x1082, 0x1082, 0x1082, 0x1082, 0x1082, 0x1082, 0x1082, 0x0882, 0x9A62, 0xFB60, 0xFB00, 0xF2A1, 0xC202, 0xB182,   // 0x26A0 (9888) pixels
0xB161, 0xC1A1, 0xF1C1, 0xF9C0, 0xF9E0, 0x8942, 0x1082, 0x10A2, 0x1082, 0x1082, 0x1082, 0x1082, 0x10A2, 0x10A2, 0x10A2, 0x10A2,   // 0x26B0 (9904) pixels
0x10A2, 0x10A3, 0x10A3, 0x10A3, 0x31C7, 0x2987, 0x636F, 0x4A6B, 0x2146, 0x5AA9, 0xC637, 0xD6B9, 0x6B6D, 0x738C, 0xFFDE, 0xFFFF,   // 0x26C0 (9920) pixels
0xFFFF, 0xFFFF, 0xFFFF, 0xFFFF, 0xFFFF, 0xFFFF, 0xFFDE, 0x83AC, 0xA534, 0xFFBF, 0xF7DF, 0xCDB4, 0x2944, 0x2146, 0xA554, 0x8C50,   // 0x26D0 (9936) pixels
0x3185, 0x5AEB, 0x8450, 0x4A89, 0x3166, 0x2945, 0x2945, 0x2144, 0x2125, 0x2945, 0x1904, 0x2945, 0x4207, 0x3165, 0x39C7, 0x4227,   // 0x26E0 (9952) pixels
0x2985, 0x4228, 0x39C6, 0x2965, 0x4A89, 0x31A5, 0x39C7, 0x4228, 0x39C6, 0x39E7, 0x6B6E, 0x73AE, 0x6B2C, 0x634D, 0x2104, 0x2924,   // 0x26F0 (9968) pixels
0x18E3, 0x18E3, 0x2124, 0x840F, 0x4A29, 0x2104, 0x7BEE, 0x4A69, 0x20E3, 0x7BCE, 0x52AA, 0x2103, 0x7BAD, 0x630C, 0x2104, 0x7BAC,   // 0x2700 (9984) pixels
0xF79D, 0xFFDF, 0xCE17, 0x9CB0, 0xFFFF, 0xFFFF, 0xFFFF, 0xFFFF, 0xFFFE, 0x9CAF, 0x4228, 0x5AEB, 0x4227, 0x2124, 0x2125, 0x2125,   // 0x2710 (10000) pixels
0x2104, 0x528A, 0x1081, 0x10A3, 0x1083, 0x1082, 0x1082, 0x1082, 0x1082, 0x1082, 0x1082, 0x1082, 0x1082, 0x1082, 0x1082, 0x1082,   // 0x2720 (10016) pixels
0x1083, 0x5982, 0xFB21, 0xFAC0, 0xFA60, 0xFA20, 0xF9E0, 0xF9E0, 0xF9C0, 0xF9C0, 0xF9C0, 0xF1C0, 0x50E1, 0x0883, 0x1082, 0x1082,   // 0x2730 (10032) pixels
0x1082, 0x1082, 0x1082, 0x10A2, 0x10A3, 0x10A3, 0x10A2, 0x10A2, 0x10A3, 0x10A3, 0x10A3, 0x39E8, 0x18E4, 0x18E4, 0x2125, 0x2125,   // 0x2740 (10048) pixels
0x2945, 0x31A6, 0x39C7, 0x31A7, 0x736C, 0xFFDE, 0xFFFF, 0xFFFF, 0xFFFF, 0xFFFF, 0xFFFF, 0xFFFF, 0xFFFF, 0xFFDE, 0x7BAC, 0x6B4C,   // 0x2750 (10064) pixels
0xCE38, 0xE6F9, 0x83EC, 0x2924, 0x2145, 0x9D34, 0x844F, 0x3185, 0x632C, 0x6B8E, 0x73CD, 0x2945, 0x2125, 0x2125, 0x2125, 0x2125,   // 0x2760 (10080) pixels
0x2124, 0x4208, 0x636D, 0x632C, 0x5AEB, 0x8C50, 0x73AE, 0x630B, 0x94B2, 0x738D, 0x634C, 0x8C91, 0x5B0B, 0x7C10, 0x6B4C, 0x632B,   // 0x2770 (10096) pixels
0x8430, 0x2985, 0x5288, 0x4A06, 0x3186, 0x3185, 0x738D, 0x738E, 0x2124, 0x31A6, 0xC658, 0x5B0C, 0x2144, 0xBE17, 0x6B4D, 0x2104,   // 0x2780 (10112) pixels
0xB595, 0x73CF, 0x2103, 0xAD54, 0x8451, 0x2104, 0x4A68, 0x946F, 0xB594, 0x7BAC, 0x9CD1, 0xFFFF, 0xFFFF, 0xFFFF, 0xFFFF, 0xFFFE,   // 0x2790 (10128) pixels
0x9C8F, 0x31A6, 0x2964, 0x3145, 0x2124, 0x20E4, 0x2104, 0x2104, 0x528A, 0x1081, 0x10A3, 0x1082, 0x1082, 0x1082, 0x1082, 0x1082,   // 0x27A0 (10144) pixels
0x1082, 0x1082, 0x1082, 0x1082, 0x1082, 0x1082, 0x1082, 0x1082, 0x1082, 0xAA22, 0xFA81, 0xFA40, 0xFA00, 0xF9E0, 0xF9E0, 0xF9C0,   // 0x27B0 (10160) pixels
0xF9E0, 0xF9C0, 0xA162, 0x1082, 0x10A2, 0x1082, 0x10A2, 0x1082, 0x1082, 0x10A2, 0x1082, 0x10A3, 0x10A3, 0x10A2, 0x10A2, 0x10A3,   // 0x27C0 (10176) pixels
0x10A3, 0x10A3, 0x3A08, 0x18E4, 0x18E3, 0x2125, 0x2145, 0x2945, 0x2945, 0x2945, 0x2966, 0x6B4C, 0xFFDE, 0xFFFF, 0xFFFF, 0xFFFF,   // 0x27D0 (10192) pixels
0xFFFF, 0xFFFF, 0xFFFF, 0xFFFF, 0xFFDE, 0x7BAD, 0x7BCE, 0x39C6, 0x41E6, 0x6B8D, 0x3165, 0x2146, 0x8C92, 0x94B1, 0x2924, 0x73AE,   // 0x27E0 (10208) pixels
0x632D, 0x844F, 0x2945, 0x2945, 0x31A6, 0x39E6, 0x2965, 0x2124, 0x5AEB, 0x5B4D, 0x6BAF, 0x6BAF, 0x8472, 0x6BAF, 0x73F0, 0x8451,   // 0x27F0 (10224) pixels
0x6BAF, 0x73F0, 0x7410, 0x6BAF, 0x73F0, 0x73CF, 0x6BAE, 0x73F0, 0x7C10, 0x632B, 0x5ACA, 0x7BEF, 0x630B, 0x8430, 0x73AE, 0x2145,   // 0x2800 (10240) pixels
0x31A6, 0xA534, 0x39E8, 0x3186, 0xAD54, 0x4228, 0x2945, 0x9CF3, 0x52CB, 0x2945, 0x9CF2, 0x6B4D, 0x2124, 0x6B6D, 0x2965, 0x2965,   // 0x2810 (10256) pixels
0x4248, 0xBDD6, 0xFFFF, 0xFFFF, 0xFFFF, 0xFFFF, 0xFFFF, 0xA4AF, 0x7B8B, 0xBD71, 0x9C2C, 0x41E6, 0x5ACA, 0x6B4C, 0x2924, 0x528A,   // 0x2820 (10272) pixels
0x1081, 0x10A2, 0x1082, 0x1082, 0x1082, 0x1082, 0x1082, 0x1082, 0x1082, 0x1082, 0x1082, 0x1082, 0x1082, 0x1082, 0x1082, 0x10A2,   // 0x2830 (10288) pixels
0x1881, 0x6121, 0xB1A1, 0xD1C1, 0xD9C1, 0xE1C1, 0xD1A1, 0xB161, 0x60E1, 0x1082, 0x1082, 0x1082, 0x1082, 0x1082, 0x1082, 0x10A2,   // 0x2840 (10304) pixels
0x10A2, 0x10A2, 0x10A2, 0x10A3, 0x10A3, 0x10A3, 0x10A3, 0x10A3, 0x10A3, 0x4208, 0x18E4, 0x1903, 0x5B0B, 0x634C, 0x41E5, 0x944E,   // 0x2850 (10320) pixels
0x946E, 0x4208, 0x734C, 0xFFFF, 0xFFFF, 0xFFFF, 0xFFFF, 0xFFFF, 0xFFFF, 0xFFFF, 0xFFFF, 0xFFDE, 0x7BAD, 0x7BEF, 0x2904, 0x2125,   // 0x2860 (10336) pixels
0x6BAF, 0x3185, 0x2146, 0x9D34, 0x94B1, 0x31A6, 0x73EF, 0x94B2, 0xAD95, 0x5AEB, 0x2104, 0x94B2, 0xB5B5, 0x4207, 0x4248, 0x8451,   // 0x2870 (10352) pixels
0x2945, 0x18E4, 0x18E4, 0x18E4, 0x18E4, 0x18E4, 0x1904, 0x18E4, 0x3165, 0x2986, 0x2986, 0x18C4, 0x18C3, 0x18C3, 0x18E4, 0x636D,   // 0x2880 (10368) pixels
0x8C91, 0x8C91, 0x8451, 0x4A6A, 0x4A6A, 0x4A6A, 0x2125, 0x4208, 0xD699, 0x528A, 0x31A6, 0xCE79, 0x52CB, 0x2965, 0xC617, 0x632D,   // 0x2890 (10384) pixels
0x2945, 0xC617, 0x73AF, 0x2124, 0x636C, 0x2965, 0x3965, 0x4A48, 0xB5B6, 0xFFFF, 0xFFFF, 0xFFFF, 0xFFFF, 0xFFFF, 0xC591, 0xE6D9,   // 0x28A0 (10400) pixels
0xFFFF, 0xFF9B, 0x8BEC, 0x94D3, 0x73EF, 0x3185, 0x52AB, 0x1082, 0x10A2, 0x1082, 0x1082, 0x1082, 0x1082, 0x1082, 0x1082, 0x1082,   // 0x28B0 (10416) pixels
0x1082, 0x1082, 0x1082, 0x1082, 0x1082, 0x1082, 0x1082, 0x1082, 0x1083, 0x1082, 0x1862, 0x1862, 0x1862, 0x1082, 0x1082, 0x0882,   // 0x28C0 (10432) pixels
0x1082, 0x1082, 0x1082, 0x1082, 0x1082, 0x10A2, 0x10A2, 0x10A2, 0x10A2, 0x10A2, 0x10A2, 0x10A3, 0x10A3, 0x10A3, 0x10A3, 0x10A3,   // 0x28D0 (10448) pixels
0x39E8, 0x18E4, 0x2965, 0x7C10, 0x6BAE, 0xA4B0, 0xFFFE, 0xFFFE, 0xA4F3, 0x734C, 0xFFDE, 0xFFFF, 0xFFFF, 0xFFFF, 0xFFFF, 0xFFFF,   // 0x28E0 (10464) pixels
0xFFFF, 0xFFFF, 0xFFDE, 0x7BAD, 0x8410, 0x62CA, 0x734B, 0x7BCF, 0x3185, 0x2146, 0x8C92, 0x73CE, 0x3186, 0x636D, 0x6BAE, 0x5B0C,   // 0x28F0 (10480) pixels
0x2946, 0x2145, 0xA555, 0x94B3, 0x39A7, 0x2125, 0x2124, 0x2124, 0x18E3, 0x18E3, 0x2124, 0x18E3, 0x18E4, 0x1904, 0x1904, 0x8C72,   // 0x2900 (10496) pixels
0x4A8A, 0x39E7, 0x2945, 0x4A69, 0x9491, 0x5289, 0x73AE, 0x73CF, 0x632D, 0x8450, 0x4248, 0x31C6, 0x4228, 0x2124, 0x39E7, 0xD6DA,   // 0x2910 (10512) pixels
0x528B, 0x31A6, 0xDEDB, 0x5AEC, 0x2945, 0xD6B9, 0x6B6E, 0x2944, 0xD699, 0x6B8E, 0x2125, 0x62CA, 0xB531, 0xD635, 0x840E, 0xA4D3,   // 0x2920 (10528) pixels
0xFFFF, 0xFFFF, 0xFFFF, 0xFFFF, 0xFFFF, 0xCE12, 0xEF3B, 0xFFFF, 0xFFFE, 0x948F, 0x9515, 0xA555, 0x4228, 0x52AA, 0x10A2, 0x10A2,   // 0x2930 (10544) pixels
0x1082, 0x1082, 0x10A2, 0x1082, 0x1082, 0x1082, 0x1082, 0x1082, 0x1082, 0x1082, 0x1082, 0x1082, 0x1082, 0x1082, 0x1082, 0x08A2,   // 0x2940 (10560) pixels
0x1082, 0x1082, 0x08A2, 0x08A2, 0x08A2, 0x1082, 0x08A2, 0x1082, 0x1082, 0x1082, 0x1082, 0x1082, 0x10A2, 0x10A2, 0x10A2, 0x10A2,   // 0x2950 (10576) pixels
0x10A2, 0x10A2, 0x10A3, 0x10A3, 0x10A3, 0x10A3, 0x10C3, 0x39E7, 0x18E4, 0x2145, 0x8451, 0x9D14, 0xA513, 0xFFFF, 0xFFFF, 0xAD75,   // 0x2960 (10592) pixels
0x6B4C, 0xFFDE, 0xFFFF, 0xFFFF, 0xFFFF, 0xFFFF, 0xFFFF, 0xFFFF, 0xFFFF, 0xFFDE, 0x83CD, 0x8410, 0xF77D, 0xFFBD, 0xA4D0, 0x2944,   // 0x2970 (10608) pixels
0x2146, 0x73EF, 0x9CF3, 0x2924, 0x632D, 0x6B8D, 0x5AEB, 0x5B0C, 0x73CF, 0x6BAE, 0x73CE, 0x20E3, 0x18E4, 0x2104, 0x20E3, 0x18E3,   // 0x2980 (10624) pixels
0x2104, 0x18E4, 0x18E4, 0x18E4, 0x1904, 0x1904, 0x4228, 0x2124, 0x2945, 0x2945, 0x4A8A, 0x9CF3, 0x8C91, 0x634D, 0x7BCE, 0x632C,   // 0x2990 (10640) pixels
0x94B2, 0x5B0B, 0x5B0B, 0x73AE, 0x2145, 0x2145, 0x8452, 0x31A7, 0x2125, 0x7BF0, 0x39E8, 0x2104, 0x7BD0, 0x4229, 0x2125, 0x8451,   // 0x29A0 (10656) pixels
0x4A6A, 0x2944, 0x8C0D, 0xFFBD, 0xF7DF, 0xD678, 0xA4B0, 0xFFFF, 0xFFFF, 0xFFFF, 0xFFFF, 0xFFFF, 0xACF0, 0x9CF2, 0xE71B, 0xCE57,   // 0x29B0 (10672) pixels
0x4A48, 0x4A8C, 0x52CD, 0x2145, 0x528A, 0x1082, 0x10A2, 0x10A2, 0x10A2, 0x1082, 0x1082, 0x1082, 0x1082, 0x1082, 0x1082, 0x1082,   // 0x29C0 (10688) pixels
0x1082, 0x1082, 0x1082, 0x1082, 0x1082, 0x1082, 0x1082, 0x1082, 0x1082, 0x1082, 0x1082, 0x1083, 0x1083, 0x1082, 0x1082, 0x1082,   // 0x29D0 (10704) pixels
0x1082, 0x1082, 0x1082, 0x10A2, 0x10A2, 0x1082, 0x10A2, 0x10A2, 0x10A2, 0x10A3, 0x10A3, 0x10A3, 0x10A3, 0x10C3, 0x31C7, 0x18E4,   // 0x29E0 (10720) pixels
0x18E4, 0x31E8, 0x426B, 0x39C8, 0xA514, 0xB596, 0x528A, 0x6B4C, 0xFFDE, 0xFFFF, 0xFFFF, 0xFFFF, 0xFFFF, 0xFFFF, 0xFFFF, 0xFFFF,   // 0x29F0 (10736) pixels
0xFFDE, 0x83CD, 0x94B3, 0xF7BF, 0xFFDF, 0xD635, 0x2924, 0x2145, 0x94F4, 0x8C71, 0x2965, 0x634D, 0x8CB2, 0x4268, 0x6BAF, 0x6B6D,   // 0x2A00 (10752) pixels
0x634C, 0x7BEF, 0x39E7, 0x632C, 0x5AEA, 0x634C, 0x6B4B, 0x2965, 0x2104, 0x18E4, 0x18E3, 0x1903, 0x52AA, 0x8C4F, 0x4207, 0x2945,   // 0x2A10 (10768) pixels
0x2945, 0x2945, 0x4249, 0x4A6A, 0x2945, 0x5268, 0x4A48, 0x39C7, 0x6B6E, 0x6B8E, 0x634D, 0x2145, 0x18C3, 0x18C3, 0x20E3, 0x18E4,   // 0x2A20 (10784) pixels
0x18E4, 0x2104, 0x2104, 0x5AEB, 0x8430, 0x39C7, 0x52AA, 0x8451, 0x4A8A, 0x83ED, 0xF75C, 0xF7DE, 0xC616, 0xA4B0, 0xFFFF, 0xFFFF,   // 0x2A30 (10800) pixels
0xFFFF, 0xFFFF, 0xFFFF, 0x9CAF, 0x39E7, 0x4249, 0x39A6, 0x2945, 0x2104, 0x2125, 0x2144, 0x528A, 0x1082, 0x10A2, 0x10A2, 0x10A2,   // 0x2A40 (10816) pixels
0x10A2, 0x10A2, 0x10A2, 0x1082, 0x10A2, 0x1082, 0x1082, 0x1082, 0x1082, 0x1082, 0x1082, 0x1082, 0x1082, 0x1082, 0x1082, 0x1082,   // 0x2A50 (10832) pixels
0x1082, 0x1082, 0x1082, 0x1082, 0x1082, 0x10A2, 0x1082, 0x1082, 0x1082, 0x10A3, 0x10A3, 0x10A3, 0x10A3, 0x10A2, 0x10A2, 0x10A2,   // 0x2A60 (10848) pixels
0x10A2, 0x10A2, 0x10A2, 0x10A3, 0x10A3, 0x31A6, 0x18E4, 0x18E3, 0x2125, 0x2145, 0x2945, 0x2966, 0x2966, 0x3166, 0x734C, 0xFFDE,   // 0x2A70 (10864) pixels
0xFFFF, 0xFFFF, 0xFFFF, 0xFFFF, 0xFFFF, 0xFFFF, 0xFFFF, 0xFFDF, 0x83ED, 0x6B8E, 0xBDF7, 0xDEFA, 0x8C2F, 0x2944, 0x2104, 0x2166,   // 0x2A80 (10880) pixels
0x738C, 0x4A27, 0x2125, 0x2146, 0x2104, 0x31C8, 0x3A08, 0x31C7, 0x39E8, 0x8C91, 0x9CF2, 0x7BEE, 0x7BEE, 0x7BEF, 0x6B8D, 0x6B4C,   // 0x2A90 (10896) pixels
0x6B6D, 0x6B8D, 0x52AA, 0x9491, 0xBDF6, 0x6B6D, 0x2945, 0x2945, 0x1904, 0x4269, 0x31E7, 0x7C0F, 0x6B4B, 0x738D, 0x73CE, 0x3A07,   // 0x2AA0 (10912) pixels
0x73EF, 0x4A8A, 0x3A08, 0x2104, 0x738C, 0x7BCE, 0x4228, 0x2104, 0x2104, 0x2104, 0x7BEF, 0x7C30, 0x5288, 0x5AC9, 0x6B8D, 0x7C30,   // 0x2AB0 (10928) pixels
0x5AC9, 0x8C2F, 0xAD52, 0x7BCD, 0x9CD2, 0xFFFF, 0xFFFF, 0xFFFF, 0xFFFF, 0xFFFF, 0x9C90, 0x39C6, 0x39A6, 0x3986, 0x3186, 0x2124,   // 0x2AC0 (10944) pixels
0x2125, 0x2124, 0x52AA, 0x10A2, 0x10A2, 0x10A3, 0x18C3, 0x18C3, 0x1082, 0x10C3, 0x18E3, 0x18E4, 0x10A3, 0x0882, 0x1082, 0x1082,   // 0x2AD0 (10960) pixels
0x1082, 0x1082, 0x1082, 0x1082, 0x1082, 0x1082, 0x0882, 0x0882, 0x0882, 0x0882, 0x0882, 0x0882, 0x0882, 0x0882, 0x0882, 0x0882,   // 0x2AE0 (10976) pixels
0x0882, 0x0882, 0x0882, 0x0882, 0x1082, 0x1082, 0x10A3, 0x18C4, 0x18E4, 0x10A3, 0x10A3, 0x3165, 0x4A69, 0x18E4, 0x18E3, 0x2125,   // 0x2AF0 (10992) pixels
0x2145, 0x2965, 0x39A6, 0x39A6, 0x31A7, 0x734C, 0xFFDE, 0xFFFF, 0xFFFF, 0xFFFF, 0xFFFF, 0xFFFF, 0xFFFF, 0xFFFF, 0xFFDF, 0x83ED,   // 0x2B00 (11008) pixels
0x8410, 0x3165, 0x3185, 0x6B8E, 0x6B6C, 0x5AEB, 0x2946, 0xD6B9, 0x9CD0, 0x31C6, 0x52AB, 0x632B, 0x4A69, 0x52AA, 0x5AA9, 0x52CA,   // 0x2B10 (11024) pixels
0x8450, 0x9CF3, 0x9492, 0xA534, 0x6B6D, 0x9D34, 0x94B2, 0x9CF2, 0x7BEE, 0x7C0F, 0x632D, 0x73AF, 0x39E8, 0x2945, 0x2125, 0x2125,   // 0x2B20 (11040) pixels
0x4A69, 0x39E7, 0x5B0D, 0x73F0, 0x7410, 0x634D, 0x2966, 0x31A6, 0x2945, 0x2945, 0x2965, 0x7BAE, 0xBDB5, 0x5ACB, 0x2124, 0x2124,   // 0x2B30 (11056) pixels
0x2125, 0x7BEF, 0x73CE, 0x62EA, 0x630B, 0x6BAD, 0x7C30, 0x7C0F, 0x94B2, 0xA534, 0xADB6, 0xB5B5, 0xFFFF, 0xFFFF, 0xFFFF, 0xFFFF,   // 0x2B40 (11072) pixels
0xFFFE, 0xA4CF, 0x8C0C, 0xCDB2, 0x9C2B, 0x4A07, 0x52A9, 0x39C6, 0x3186, 0x5B0B, 0x2986, 0x1906, 0x1926, 0x1905, 0x2125, 0x1925,   // 0x2B50 (11088) pixels
0x1925, 0x1925, 0x18E4, 0x18E4, 0x1905, 0x1905, 0x1905, 0x18E5, 0x1925, 0x1925, 0x1925, 0x1925, 0x1925, 0x1925, 0x1925, 0x1925,   // 0x2B60 (11104) pixels
0x1925, 0x2125, 0x2125, 0x2125, 0x2146, 0x1925, 0x10E4, 0x1905, 0x1925, 0x2125, 0x1905, 0x1904, 0x2146, 0x2167, 0x2987, 0x2987,   // 0x2B70 (11120) pixels
0x2167, 0x2167, 0x7C51, 0x8C92, 0x2104, 0x2124, 0x2945, 0x2145, 0x5A87, 0xC5B1, 0xC591, 0x62C9, 0x736C, 0xFFDE, 0xFFFF, 0xFFFF,   // 0x2B80 (11136) pixels
0xFFFF, 0xFFFF, 0xFFFF, 0xFFFF, 0xFFFF, 0xFFDF, 0x83EE, 0x7C0F, 0x2945, 0x2944, 0x638F, 0x8430, 0x1904, 0x2105, 0x8C92, 0x8C51,   // 0x2B90 (11152) pixels
0x2124, 0x10E4, 0x634E, 0x6B8E, 0x632C, 0x630B, 0x7C30, 0x7C30, 0x7C0F, 0x8C50, 0x8C70, 0x5ACA, 0x94B3, 0x6B8E, 0x9D13, 0x7BCE,   // 0x2BA0 (11168) pixels
0x6B8E, 0x3186, 0x2985, 0x2124, 0x2945, 0x2945, 0x4A49, 0x94B2, 0x7BCE, 0x2104, 0x1904, 0x1905, 0x2104, 0x630A, 0x5AC9, 0x3185,   // 0x2BB0 (11184) pixels
0x2966, 0x2965, 0x5ACB, 0x8C92, 0x4A49, 0x39C7, 0x4228, 0x73AE, 0x8C91, 0x8450, 0x3A08, 0x528A, 0x7C10, 0x3A29, 0x7BCF, 0x73F0,   // 0x2BC0 (11200) pixels
0x5AAB, 0x94D3, 0xBDD6, 0xFFFF, 0xFFFF, 0xFFFF, 0xFFFF, 0xFFFF, 0xBD70, 0xE719, 0xFFFF, 0xFFDB, 0x7BAC, 0x9D35, 0xADB6, 0x6B6D,   // 0x2BD0 (11216) pixels
0x8430, 0x2146, 0x1969, 0x2168, 0x29A8, 0x2147, 0x2167, 0x2167, 0x1946, 0x1946, 0x1926, 0x1946, 0x1946, 0x1926, 0x1926, 0x1946,   // 0x2BE0 (11232) pixels
0x1966, 0x1946, 0x1966, 0x1966, 0x2167, 0x2167, 0x2167, 0x2167, 0x2167, 0x2167, 0x2166, 0x2187, 0x1946, 0x1926, 0x2146, 0x2167,   // 0x2BF0 (11248) pixels
0x2166, 0x1946, 0x1925, 0x2166, 0x2167, 0x1967, 0x2187, 0x29A9, 0x29CA, 0x21A9, 0x4AAD, 0x52EB, 0x8C91, 0x7C0F, 0x4A89, 0xB552,   // 0x2C00 (11264) pixels
0xFFFE, 0xFFFF, 0xBDD4, 0x7B8C, 0xFFDE, 0xFFFF, 0xFFFF, 0xFFFF, 0xFFFF, 0xFFFF, 0xFFFF, 0xFFFF, 0xFFDE, 0x83EE, 0x73AE, 0x732A,   // 0x2C10 (11280) pixels
0x7B8A, 0x630B, 0x6B8E, 0x2965, 0x2945, 0x31A7, 0x2986, 0x2945, 0x2945, 0x39C8, 0x5B2D, 0x94D3, 0x8410, 0x8CB2, 0x2986, 0x5ACA,   // 0x2C20 (11296) pixels
0x62EA, 0x5ACA, 0x41E7, 0x31C8, 0x4A69, 0xA4B1, 0x7B8C, 0x4A69, 0x2966, 0x8430, 0x39E6, 0x2945, 0x2945, 0x39C8, 0x5ACC, 0x738F,   // 0x2C30 (11312) pixels
0x2124, 0x2104, 0x2104, 0x2103, 0xB595, 0xAD74, 0x4207, 0x2966, 0x2965, 0x2104, 0x6B8E, 0x2125, 0x73EF, 0x73CE, 0x634C, 0xAD95,   // 0x2C40 (11328) pixels
0x8CB2, 0x4A8A, 0x5B0B, 0x94B2, 0x8471, 0x4A48, 0xB531, 0xD656, 0x8BED, 0x9CB1, 0xFFFF, 0xFFFF, 0xFFFF, 0xFFFF, 0xFFFE, 0xBD91,   // 0x2C50 (11344) pixels
0xDEFA, 0xFFFF, 0xFFDE, 0x840D, 0x9D56, 0x7C52, 0x9D55, 0x634D, 0x2125, 0x1926, 0x1926, 0x2146, 0x1905, 0x1926, 0x1946, 0x1946,   // 0x2C60 (11360) pixels
0x2188, 0x1946, 0x1967, 0x2167, 0x1947, 0x1967, 0x1947, 0x2147, 0x2188, 0x2167, 0x2188, 0x29A8, 0x2167, 0x1947, 0x2167, 0x2167,   // 0x2C70 (11376) pixels
0x2167, 0x2988, 0x2168, 0x2168, 0x2168, 0x2168, 0x2989, 0x29A9, 0x2188, 0x2188, 0x2188, 0x2188, 0x2168, 0x2188, 0x31EA, 0x1946,   // 0x2C80 (11392) pixels
0x1927, 0x3A0A, 0x4229, 0x7431, 0x94F4, 0x7C31, 0x9CB2, 0xFFDF, 0xFFFF, 0xB5B5, 0x736C, 0xFFDE, 0xFFFF, 0xFFFF, 0xFFFF, 0xFFFF,   // 0x2C90 (11408) pixels
0xFFFF, 0xFFFF, 0xFFFF, 0xFFDE, 0x83ED, 0x8C4F, 0xF79C, 0xFFBD, 0xBD51, 0x4A48, 0x2945, 0x2986, 0x2945, 0x2965, 0x2966, 0x2965,   // 0x2CA0 (11424) pixels
0x2146, 0x5B0C, 0x8450, 0x7BEF, 0x73AF, 0x3185, 0x5A88, 0x5AC8, 0x5AC8, 0x39A5, 0x2945, 0x3184, 0x940B, 0x8369, 0x2903, 0x2104,   // 0x2CB0 (11440) pixels
0x52EC, 0xA534, 0x2965, 0x2125, 0x2944, 0x2965, 0x2104, 0x1903, 0x2104, 0x2104, 0x2104, 0x6B6E, 0x52AB, 0x2986, 0x2966, 0x2965,   // 0x2CC0 (11456) pixels
0x2924, 0x3A08, 0x2125, 0x31A7, 0x3186, 0x31C7, 0x8430, 0x8410, 0x6B8D, 0x4228, 0x8430, 0x8430, 0x83CC, 0xFFBD, 0xF7BF, 0xD658,   // 0x2CD0 (11472) pixels
0xA4B0, 0xFFFF, 0xFFFF, 0xFFFF, 0xFFFF, 0xFFFF, 0xA4CF, 0x8410, 0xC659, 0xA533, 0x4228, 0x29A7, 0x29A7, 0x31A8, 0x5AEB, 0x2145,   // 0x2CE0 (11488) pixels
0x2188, 0x29A8, 0x426B, 0x3209, 0x3229, 0x3209, 0x3A4B, 0x3A6B, 0x3A4B, 0x3A4B, 0x3A2A, 0x322A, 0x3A4A, 0x3A4B, 0x3A2A, 0x322A,   // 0x2CF0 (11504) pixels
0x322A, 0x320A, 0x320A, 0x320A, 0x322A, 0x322A, 0x3A4A, 0x3A2A, 0x3A4B, 0x3A4B, 0x3A4B, 0x3A4B, 0x3A4B, 0x3A4B, 0x3A2A, 0x322A,   // 0x2D00 (11520) pixels
0x322A, 0x320A, 0x3A2A, 0x3209, 0x3209, 0x3A2B, 0x29A8, 0x1927, 0x4229, 0x2146, 0x424B, 0x2987, 0x31E9, 0x4207, 0x8CB2, 0xA534,   // 0x2D10 (11536) pixels
0x5AAA, 0x734C, 0xFFDE, 0xFFFF, 0xFFFF, 0xFFFF, 0xFFFF, 0xFFFF, 0xFFFF, 0xFFFF, 0xFFDE, 0x8BED, 0xA513, 0xF7BE, 0xF7DE, 0xDE76,   // 0x2D20 (11552) pixels
0x41E5, 0x3185, 0x3185, 0x2945, 0x2965, 0x3165, 0x3185, 0x2924, 0x1904, 0x39C7, 0x2945, 0x2145, 0x840F, 0x5AEA, 0x6B2A, 0x6B2A,   // 0x2D30 (11568) pixels
0x4A67, 0x8430, 0x630A, 0x9CAF, 0x7B6B, 0x632C, 0x31A6, 0x73AD, 0x738C, 0x39A4, 0x3185, 0x39C7, 0x39E8, 0x3185, 0x52A9, 0x632B,   // 0x2D40 (11584) pixels
0x52AA, 0x18E3, 0x2925, 0x2125, 0x2945, 0x2945, 0x2965, 0x62EB, 0x9470, 0x4A48, 0x5AEB, 0x7BEE, 0x5AEA, 0x9D13, 0x636D, 0x4A6A,   // 0x2D50 (11600) pixels
0x4228, 0x8410, 0x8452, 0x736C, 0xEF3C, 0xF7BE, 0xC5F6, 0x9C90, 0xFFFF, 0xFFFF, 0xFFFF, 0xFFFF, 0xFFFF, 0x9C8F, 0x39A6, 0x31A6,   // 0x2D60 (11616) pixels
0x31C7, 0x2945, 0x2945, 0x3186, 0x31A7, 0x52CB, 0x1904, 0x10E5, 0x08C4, 0x08C4, 0x3A6B, 0x4AEC, 0x4269, 0x3A28, 0x3208, 0x3208,   // 0x2D70 (11632) pixels
0x3208, 0x31E8, 0x3208, 0x3228, 0x3208, 0x31C7, 0x29C7, 0x29C7, 0x29C7, 0x29A7, 0x29A7, 0x29C7, 0x29C7, 0x29C7, 0x31C7, 0x31E7,   // 0x2D80 (11648) pixels
0x31C7, 0x31C7, 0x31C7, 0x31C7, 0x31A7, 0x29A6, 0x29A6, 0x29A6, 0x31E7, 0x3207, 0x3A49, 0x3209, 0x08C4, 0x08A4, 0x08A3, 0x4249,   // 0x2D90 (11664) pixels
0x2105, 0x18E4, 0x2125, 0x2145, 0x2125, 0x3185, 0xA4F0, 0x9491, 0x7BCC, 0xFFFE, 0xFFFF, 0xFFFF, 0xFFFF, 0xFFFF, 0xFFFF, 0xFFFF,   // 0x2DA0 (11680) pixels
0xFFFF, 0xFFFE, 0x8BED, 0x5ACA, 0xC617, 0xE6D9, 0x7BAC, 0x5ACB, 0xBD94, 0x9C91, 0x39C6, 0x39E6, 0x9470, 0x9CD1, 0x6B2B, 0x5B0B,   // 0x2DB0 (11696) pixels
0x842F, 0x6B4C, 0x73CE, 0x8470, 0x840F, 0x7BAE, 0x7BEE, 0x7BEF, 0x9CF3, 0x8C50, 0x9CD1, 0x9CD1, 0x8C50, 0x39C7, 0xC639, 0xC638,   // 0x2DC0 (11712) pixels
0xA554, 0x4208, 0x2966, 0x2965, 0x39C7, 0x8431, 0xA555, 0x9492, 0x2104, 0x4208, 0x73AE, 0x31C6, 0x2965, 0x2966, 0x5B0C, 0x8431,   // 0x2DD0 (11728) pixels
0x4A6A, 0x8C71, 0x6B6D, 0x634C, 0x73EF, 0x31C7, 0x2146, 0x2146, 0x31C8, 0x2187, 0x39C6, 0x7BAD, 0x9450, 0x5ACA, 0x840F, 0xFFFF,   // 0x2DE0 (11744) pixels
0xFFFF, 0xFFFF, 0xFFFF, 0xFFFF, 0x9C8F, 0x31A6, 0x2965, 0x2945, 0x2125, 0x2125, 0x2125, 0x2965, 0x52CB, 0x1904, 0x10A3, 0x10C4,   // 0x2DF0 (11760) pixels
0x2146, 0x29C9, 0x3A6A, 0x4226, 0x39E5, 0x31A3, 0x3183, 0x31A3, 0x3183, 0x3183, 0x3183, 0x3183, 0x3183, 0x3183, 0x3163, 0x3184,   // 0x2E00 (11776) pixels
0x3184, 0x3184, 0x39A4, 0x39A4, 0x39C4, 0x39C4, 0x39C4, 0x39C5, 0x39A4, 0x39C4, 0x39C5, 0x39A4, 0x39C4, 0x39E5, 0x39E4, 0x4226,   // 0x2E10 (11792) pixels
0x4A47, 0x3A29, 0x31EA, 0x2987, 0x2125, 0x10C3, 0x52AA, 0x2946, 0x2124, 0x2945, 0x2965, 0x2965, 0x4A47, 0xEF3C, 0x9CD3, 0xA4F0,   // 0x2E20 (11808) pixels
0xFFFE, 0xFFFF, 0xFFFF, 0xFFFF, 0xFFFF, 0xFFFF, 0xFFFF, 0xFFFF, 0xFFFE, 0x840D, 0x2945, 0x41E7, 0x4228, 0x2124, 0x4A6A, 0xA535,   // 0x2E30 (11824) pixels
0x8C92, 0x39C7, 0x3A29, 0xA576, 0x8C71, 0x52CB, 0x6BAF, 0x7BEF, 0x6B6C, 0x8C92, 0x8431, 0x73CE, 0x7BEF, 0x842F, 0x8430, 0x7C10,   // 0x2E40 (11840) pixels
0x94D3, 0x9D14, 0x9D34, 0x8472, 0x2145, 0x52AA, 0x5289, 0x3186, 0x2965, 0x2965, 0x2965, 0x2124, 0x2105, 0x2966, 0x2966, 0x2124,   // 0x2E50 (11856) pixels
0x52CA, 0x8C71, 0x7BEF, 0x632C, 0x528A, 0x2124, 0x2985, 0x3186, 0x528A, 0x52EC, 0x8CD3, 0x7C30, 0x634D, 0x2986, 0x18C3, 0x18E3,   // 0x2E60 (11872) pixels
0x18E4, 0x2965, 0x7BAD, 0x7BEE, 0x738D, 0x8C50, 0xFFFF, 0xFFFF, 0xFFFF, 0xFFFF, 0xFFFE, 0x9C8F, 0x31A6, 0x2965, 0x2965, 0x2124,   // 0x2E70 (11888) pixels
0x2104, 0x2125, 0x2945, 0x4A49, 0x2145, 0x2105, 0x2104, 0x2146, 0x3A2A, 0x6BCF, 0x52C9, 0x52A9, 0x5AA8, 0x5AC9, 0x5ACA, 0x5AA9,   // 0x2E80 (11904) pixels
0x5AC9, 0x5AE9, 0x5AC9, 0x5AC9, 0x5AE9, 0x62EA, 0x62CA, 0x5ACA, 0x62EA, 0x62EA, 0x5AEA, 0x5AEA, 0x5AEA, 0x62EA, 0x62EA, 0x62EA,   // 0x2E90 (11920) pixels
0x62EA, 0x62EA, 0x62EB, 0x62EA, 0x62EA, 0x62EA, 0x62EA, 0x5AEA, 0x2125, 0x2946, 0x2125, 0x2145, 0x2145, 0x31C7, 0x2125, 0x39A5,   // 0x2EA0 (11936) pixels
0x942F, 0x838D, 0x8C4F, 0x9C90, 0xCE37, 0xCE38, 0xA4F0, 0xFFDE, 0xFFFF, 0xFFFF, 0xFFFF, 0xFFFF, 0xFFFF, 0xFFFF, 0xFFFF, 0xFFFF,   // 0x2EB0 (11952) pixels
0x8C0E, 0x2945, 0x2925, 0x2145, 0x2104, 0x2104, 0x2104, 0x2104, 0x2104, 0x2124, 0x2126, 0x2125, 0x2125, 0x2145, 0x2966, 0x2967,   // 0x2EC0 (11968) pixels
0x2146, 0x2967, 0x424B, 0x4A6A, 0x4A8B, 0x424A, 0x2146, 0x2966, 0x31A7, 0x2987, 0x2145, 0x2125, 0xC638, 0xCE78, 0x9CF2, 0x39E6,   // 0x2ED0 (11984) pixels
0x2965, 0x2965, 0x2124, 0x18C4, 0x18E4, 0x2105, 0x4249, 0x94D2, 0x8C90, 0x5B2B, 0x52CB, 0x634D, 0x8450, 0x8C70, 0x842F, 0x8450,   // 0x2EE0 (12000) pixels
0xA513, 0x6B6C, 0x6B8D, 0x4248, 0x3144, 0x2903, 0x2903, 0x3124, 0x41C6, 0x736D, 0x8C71, 0x8410, 0xAD75, 0xFFFF, 0xFFFF, 0xFFFF,   // 0x2EF0 (12016) pixels
0xFFFF, 0xFFFF, 0x9C8F, 0x31A6, 0x2965, 0x2966, 0x2986, 0x2125, 0x2125, 0x2145, 0x2966, 0x3186, 0x3166, 0x39C7, 0x41E8, 0x2146,   // 0x2F00 (12032) pixels
0x31E8, 0x31A7, 0x4248, 0x52A9, 0x5288, 0x4A28, 0x5AC9, 0x4208, 0x528A, 0x4A69, 0x4A69, 0x4A69, 0x4A69, 0x4A69, 0x4A69, 0x4A69,   // 0x2F10 (12048) pixels
0x526A, 0x4A69, 0x4A69, 0x4A69, 0x4A69, 0x4A69, 0x4A69, 0x4A89, 0x4229, 0x39E8, 0x39E8, 0x31C8, 0x39E8, 0x3A08, 0x39C7, 0x2125,   // 0x2F20 (12064) pixels
0x2945, 0x2965, 0x2145, 0x2966, 0x2946, 0x2945, 0xB593, 0xE719, 0xEF3A, 0xEF59, 0xEF5A, 0xEF5A, 0xCE58, 0xB572, 0xFFDE, 0xFFFF,   // 0x2F30 (12080) pixels
0xFFFF, 0xFFFF, 0xFFFF, 0xFFFF, 0xFFFF, 0xFFFF, 0xFFDE, 0x8C0E, 0x3166, 0x2924, 0x2124, 0x2924, 0x2125, 0x2925, 0x2124, 0x2124,   // 0x2F40 (12096) pixels
0x2124, 0x2965, 0x6B8C, 0x73AD, 0x738C, 0x39C6, 0x18C3, 0x10C3, 0x10C3, 0x2125, 0x6B8D, 0x73AD, 0x73AE, 0x41E6, 0x4A68, 0x7BAE,   // 0x2F50 (12112) pixels
0x7BAE, 0x632B, 0x2125, 0x3A09, 0x39E7, 0x31A6, 0x2965, 0x2965, 0x2965, 0x2124, 0x2104, 0x2924, 0x2124, 0x52AA, 0x8450, 0x94D3,   // 0x2F60 (12128) pixels
0x6B4D, 0x5B0B, 0x632C, 0x94D2, 0x94D2, 0x8C70, 0x7BCF, 0xB5B6, 0xA514, 0x9CF3, 0x8C50, 0x62A9, 0x6288, 0x6288, 0x6A89, 0x6AA9,   // 0x2F70 (12144) pixels
0x72EA, 0x9CB1, 0x8C72, 0xAD75, 0xFFFF, 0xFFFF, 0xFFFF, 0xFFFF, 0xFFFF, 0x9CAF, 0x31A6, 0x2966, 0x2965, 0x2945, 0x2124, 0x2145,   // 0x2F80 (12160) pixels
0x2145, 0x2145, 0x2125, 0x18E4, 0x2104, 0x2104, 0x2125, 0x1904, 0x1082, 0x3186, 0x5267, 0x5246, 0x39A6, 0x1081, 0x0881, 0x39E7,   // 0x2F90 (12176) pixels
0x4207, 0x4208, 0x39E7, 0x4207, 0x39E7, 0x4207, 0x4208, 0x4208, 0x4208, 0x4208, 0x4208, 0x4207, 0x4228, 0x4228, 0x4228, 0x2125,   // 0x2FA0 (12192) pixels
0x1904, 0x2124, 0x2124, 0x2125, 0x2125, 0x2125, 0x2145, 0x2124, 0x2145, 0x1904, 0x2125, 0x2124, 0x2145, 0x94D3, 0xD6B9, 0xE6FA,   // 0x2FB0 (12208) pixels
0xEF3A, 0xEF3A, 0xE73A, 0xBDF7, 0x9CD1, 0xFFDE, 0xFFFF, 0xFFFF, 0xFFFF, 0xFFFF, 0xFFFF, 0xFFFF, 0xFFFF, 0xFFFF, 0x8C0E, 0x3145,   // 0x2FC0 (12224) pixels
0x2945, 0x2104, 0x18E3, 0x2104, 0x2104, 0x2104, 0x2104, 0x2125, 0x52AA, 0x8C91, 0x94B0, 0x5289, 0x41E6, 0x2903, 0x2903, 0x3103,   // 0x2FD0 (12240) pixels
0x3144, 0x62EA, 0x632B, 0x6B6D, 0x73CF, 0x73EF, 0x634C, 0x6B6D, 0x7BEF, 0x2104, 0xBDF6, 0xC5D6, 0x8C2F, 0x39C6, 0x2965, 0x2965,   // 0x2FE0 (12256) pixels
0x3186, 0x73AD, 0x9491, 0x736D, 0x4A6A, 0x634D, 0x8410, 0x83EF, 0x83EE, 0x528A, 0x8451, 0x6B6C, 0x8C2E, 0x6B2B, 0x8C71, 0xA513,   // 0x2FF0 (12272) pixels
0x8C71, 0x9CD2, 0x6B0A, 0x6AA9, 0x6A89, 0x6AA9, 0x6AA9, 0x7B4B, 0x9CF2, 0x8C72, 0xAD75, 0xFFFF, 0xFFFF, 0xFFFF, 0xFFFF, 0xFFFF,   // 0x3000 (12288) pixels
0x9CB0, 0x31A7, 0x2945, 0x2945, 0x2125, 0x2125, 0x2145, 0x2145, 0x2945, 0x2945, 0x2124, 0x2104, 0x2965, 0x2104, 0x1904, 0x10A2,   // 0x3010 (12304) pixels
0x31A6, 0x5287, 0x5267, 0x39C5, 0x0862, 0x2125, 0x4207, 0x4228, 0x4228, 0x4207, 0x4228, 0x4228, 0x4228, 0x4228, 0x4228, 0x4228,   // 0x3020 (12320) pixels
0x4228, 0x4228, 0x4228, 0x4227, 0x4228, 0x4228, 0x2104, 0x18E3, 0x2104, 0x2124, 0x2124, 0x2124, 0x2124, 0x2124, 0x2945, 0x2965,   // 0x3030 (12336) pixels
0x2145, 0x2965, 0x2145, 0x2125, 0x2986, 0xAD73, 0xEF5A, 0xE73A, 0xE73A, 0xE71A, 0xB5B6, 0x7BEF, 0xDEFC, 0xEF5D, 0xFFFF, 0xFFFF,   // 0x3040 (12352) pixels
0xFFFF, 0xFFFF, 0xFFFF, 0xFFFF, 0xFFDE, 0x840E, 0x2945, 0x2945, 0x2945, 0x2945, 0x2924, 0x2124, 0x2104, 0x2104, 0x2104, 0x5AEC,   // 0x3050 (12368) pixels
0x94D2, 0xAD53, 0x8C0E, 0x6AA8, 0x6A68, 0x6A68, 0x6A88, 0x6A88, 0x736C, 0x7BCE, 0x73AE, 0x73AE, 0x4229, 0x528B, 0x52AB, 0x4249,   // 0x3060 (12384) pixels
0x2145, 0x4AAC, 0x426B, 0x4A8A, 0x31A7, 0x2965, 0x2965, 0x3186, 0x424A, 0x426A, 0x3A08, 0x2145, 0x2966, 0x632B, 0x6B0A, 0x62EA,   // 0x3070 (12400) pixels
0x3186, 0x2145, 0x6AC9, 0xA44D, 0x5A69, 0x6B8E, 0x7BEE, 0x9491, 0x94B1, 0x6B0B, 0x72C9, 0x6AC9, 0x6AC9, 0x72C9, 0x7B6B, 0xAD74,   // 0x3080 (12416) pixels
0x94D3, 0xAD75, 0xFFFF, 0xFFFF, 0xFFFF, 0xFFFF, 0xFFFF, 0x9CD0, 0x41E6, 0x31A6, 0x3185, 0x39A6, 0x3186, 0x2965, 0x2944, 0x3165,   // 0x3090 (12432) pixels
0x3185, 0x3165, 0x2924, 0x2923, 0x39A6, 0x2944, 0x39A6, 0x4207, 0x5AC8, 0x5A88, 0x49E6, 0x3186, 0x31A6, 0x39E7, 0x4248, 0x4A48,   // 0x30A0 (12448) pixels
0x4228, 0x4A48, 0x4228, 0x4A48, 0x4228, 0x4228, 0x4228, 0x4228, 0x4248, 0x4A48, 0x4228, 0x4A28, 0x4A48, 0x2965, 0x2945, 0x3165,   // 0x30B0 (12464) pixels
0x3185, 0x31A6, 0x3185, 0x31A6, 0x31A6, 0x31A5, 0x3164, 0x39A6, 0x3186, 0x2985, 0x3185, 0x31A5, 0xB573, 0xEF3B, 0xE73A, 0xE73A,   // 0x30C0 (12480) pixels
0xE71A, 0xBDD6, 0x6B4E, 0x6B6F, 0x9CB3, 0xFFFF, 0xFFFF, 0xFFFF, 0xFFFF, 0xFFFF, 0xC618, 0x9D15, 0x83EE, 0x3145, 0x3985, 0x41C7,   // 0x30D0 (12496) pixels
0x4228, 0x8450, 0x4A49, 0x8430, 0x2944, 0x2125, 0x52EC, 0x9D12, 0xA512, 0x9470, 0x72E9, 0x72C9, 0x72C9, 0x72C9, 0x6AC9, 0x8C0F,   // 0x30E0 (12512) pixels
0x8C50, 0x73AE, 0x738D, 0x4227, 0x5288, 0x4207, 0x4228, 0x2104, 0x1903, 0x20E4, 0x2103, 0x2104, 0x2124, 0x2104, 0x1904, 0x18E4,   // 0x30F0 (12528) pixels
0x18E4, 0x18E4, 0x2124, 0x39E6, 0x6329, 0x6308, 0x62E8, 0x3184, 0x39E7, 0x7309, 0x940B, 0x6AE9, 0x73AE, 0x634C, 0x840F, 0x840F,   // 0x3100 (12544) pixels
0x62AA, 0x6289, 0x62A9, 0x62A9, 0x62A9, 0x6B0A, 0x9D13, 0x8451, 0xAD75, 0xFFFF, 0xFFFF, 0xFFFF, 0xFFFF, 0xFFFF, 0xAD94, 0x8CB3,   // 0x3110 (12560) pixels
0x8C93, 0x8C93, 0x8452, 0x638F, 0x84B2, 0x6BAF, 0x8472, 0x8492, 0x8493, 0x7C52, 0x8451, 0x7C31, 0x7C31, 0x7C31, 0x73CF, 0x5AA9,   // 0x3120 (12576) pixels
0x5AA9, 0x5269, 0x5B0D, 0x736D, 0x5A88, 0x4207, 0x3165, 0x2945, 0x2965, 0x2965, 0x2965, 0x2965, 0x3185, 0x39C6, 0x39C7, 0x39A7,   // 0x3130 (12592) pixels
0x41E7, 0x39C7, 0x31A6, 0x31A7, 0x52AB, 0x5B2D, 0x636F, 0x8CB2, 0xA534, 0x8C93, 0x8451, 0x8C92, 0xADB5, 0xBDF5, 0xBDD6, 0xBDF7,   // 0x3140 (12608) pixels
0x9514, 0x8472, 0x7C31, 0xC657, 0xEF3A, 0xEF3A, 0xE73A, 0xE71A, 0xBDD6, 0x634D, 0x6B8F, 0x9492, 0xFFFF, 0xFFFF, 0xFFFF, 0xFFFF,   // 0x3150 (12624) pixels
0xFFFF, 0xA4D2, 0x632D, 0x83ED, 0x2945, 0x3164, 0x3144, 0x632D, 0x73AE, 0x7BAE, 0x7BF0, 0x31A6, 0x2125, 0x52EC, 0x9D33, 0xB574,   // 0x3160 (12640) pixels
0x9490, 0x732A, 0x7309, 0x72E9, 0x72E9, 0x730A, 0x83EF, 0x8C50, 0x8430, 0x73AE, 0x7BEF, 0x5ACB, 0x528A, 0x7BCF, 0x2124, 0x2103,   // 0x3170 (12656) pixels
0x2104, 0x2104, 0x2104, 0x2904, 0x2904, 0x2104, 0x2104, 0x2104, 0x2124, 0x52AA, 0x73AD, 0x7BAD, 0x736B, 0x734B, 0x5A89, 0x9491,   // 0x3180 (12672) pixels
0x7BED, 0x948F, 0x840F, 0x39A7, 0x73B0, 0x73F0, 0x73CF, 0x31C7, 0x2124, 0x2124, 0x2104, 0x31A6, 0x6B6E, 0x6B8F, 0x634E, 0x8C51,   // 0x3190 (12688) pixels
0xFFFF, 0xFFFF, 0xFFFF, 0xFFFF, 0xFFFF, 0xA4D1, 0x3A08, 0x31C7, 0x31A7, 0x3187, 0x2966, 0x2987, 0x3187, 0x2966, 0x2986, 0x2986,   // 0x31A0 (12704) pixels
0x2945, 0x3186, 0x2966, 0x2966, 0x2966, 0x2986, 0x2966, 0x2966, 0x2124, 0x2125, 0xCE57, 0xE718, 0x7BCB, 0x4A48, 0x39E7, 0x39E7,   // 0x31B0 (12720) pixels
0x39E7, 0x31A6, 0x39C7, 0x31A5, 0x632B, 0x5A89, 0x6287, 0x8C2C, 0x62E9, 0x31A5, 0x3A07, 0x5AA8, 0x944D, 0x6B0B, 0x6B6C, 0xB5B4,   // 0x31C0 (12736) pixels
0x94B2, 0x8C6F, 0xA513, 0x636E, 0xAD95, 0xA4F2, 0x7BCF, 0x9514, 0x2966, 0x3186, 0xAD73, 0xEF3A, 0xEF3A, 0xE73A, 0xE73A, 0xBDF7,   // 0x31D0 (12752) pixels
0x6B6E, 0x73AF, 0x9492, 0xFFFF, 0xFFFF, 0xFFFF, 0xFFFF, 0xFFFF, 0x9CB1, 0x6B4D, 0x83EE, 0x2945, 0x20E3, 0x2924, 0x2966, 0x4A8A,   // 0x31E0 (12768) pixels
0x734B, 0x39A7, 0x2945, 0x2125, 0x4AAB, 0x94F3, 0xA575, 0x842F, 0x62A9, 0x5A89, 0x5A69, 0x5A68, 0x5A68, 0x6B2C, 0x6B8D, 0x73CF,   // 0x31F0 (12784) pixels
0x6B6E, 0x52EC, 0x9D55, 0x94F3, 0x8492, 0x636D, 0x6B8E, 0x638D, 0x636D, 0x636D, 0x636D, 0x6BAE, 0x52AA, 0x73AE, 0x31A6, 0x2124,   // 0x3200 (12800) pixels
0x52AA, 0x8C70, 0x9470, 0x9490, 0x9CB1, 0x83EF, 0x9CF3, 0x94D2, 0xA534, 0x94B2, 0x7BEF, 0x2145, 0x2946, 0x2145, 0x2125, 0x2104,   // 0x3210 (12816) pixels
0x2124, 0x2924, 0x2124, 0x2145, 0x2146, 0x2946, 0x840F, 0xFFFF, 0xFFFF, 0xFFFF, 0xFFFF, 0xFFFF, 0xA4D1, 0x39C7, 0x3165, 0x2925,   // 0x3220 (12832) pixels
0x41C5, 0x39A5, 0x2966, 0x2966, 0x3186, 0x3186, 0x3186, 0x3186, 0x2966, 0x2966, 0x2966, 0x3166, 0x2986, 0x2966, 0x2966, 0x2945,   // 0x3230 (12848) pixels
0x2945, 0xCE7A, 0xF7BD, 0xE71A, 0x73CE, 0x4208, 0x4228, 0x4228, 0x39E7, 0x39E8, 0x7BEF, 0xA512, 0x8C2F, 0xDEFA, 0xCE99, 0x94B2,   // 0x3240 (12864) pixels
0x4A6B, 0x5B0E, 0x6BCF, 0xC638, 0x8431, 0x634D, 0xAD76, 0x94B2, 0x6B8E, 0x8CD4, 0x4247, 0x83F0, 0x9CD2, 0x6B6D, 0x94F3, 0x2966,   // 0x3250 (12880) pixels
0x31A6, 0xAD33, 0xEF3A, 0xE73A, 0xE71A, 0xE71A, 0xC617, 0x6B8E, 0x83CF, 0x9CB2, 0xFFFF, 0xFFFF, 0xFFFF, 0xFFFF, 0xFFFF, 0x9CD1,   // 0x3260 (12896) pixels
0x736E, 0x840E, 0x2965, 0x2945, 0x2965, 0x528A, 0x6B4B, 0x6B2B, 0x62EA, 0x3165, 0x2105, 0x2146, 0x5B2E, 0x6BD0, 0x6B8E, 0x39E8,   // 0x3270 (12912) pixels
0x2104, 0x2104, 0x2104, 0x2125, 0x5B0C, 0x5AEC, 0x52CB, 0x2145, 0x4229, 0x4249, 0x1905, 0x2124, 0x3144, 0x2925, 0x2105, 0x2105,   // 0x3280 (12928) pixels
0x2104, 0x2125, 0x2125, 0x2124, 0x5B0B, 0x31C7, 0x2124, 0x3A08, 0x94D3, 0x94D2, 0x8C72, 0x6B8E, 0x8C92, 0x5B0D, 0x73D0, 0x31A7,   // 0x3290 (12944) pixels
0x52CC, 0x3187, 0x2945, 0x2125, 0x2125, 0x2125, 0x2145, 0x2125, 0x2945, 0x2945, 0x2945, 0x2966, 0x3165, 0x840F, 0xFFFF, 0xFFFF,   // 0x32A0 (12960) pixels
0xFFFF, 0xFFFF, 0xFFFF, 0xA4F0, 0x5289, 0x632A, 0x39C7, 0xCE37, 0xBD93, 0x41E6, 0x5289, 0x6309, 0x3184, 0x8BEC, 0x7349, 0x39E6,   // 0x32B0 (12976) pixels
0x4207, 0x62E8, 0x7B8A, 0x4A27, 0x2925, 0x2966, 0x2925, 0x2946, 0xC659, 0xEFBF, 0xC638, 0x5289, 0x41E8, 0x4208, 0x4208, 0x39C7,   // 0x32C0 (12992) pixels
0x39E7, 0x7C0F, 0xD6DB, 0x8451, 0x3A09, 0x6B8F, 0x73CF, 0x2104, 0x2103, 0x424A, 0x6B8F, 0x632D, 0x2987, 0x84B3, 0xB5F7, 0x634C,   // 0x32D0 (13008) pixels
0x52A9, 0x73F1, 0x73CF, 0x840E, 0x5AEB, 0x4AAC, 0x3185, 0x8BCB, 0xBD93, 0xEF3A, 0xEF3A, 0xEF3A, 0xEF1A, 0xCE38, 0x7B8D, 0xEF3B,   // 0x32E0 (13024) pixels
0xF79D, 0xFFFF, 0xFFFF, 0xFFFF, 0xFFFF, 0xFFFF, 0xBDB6, 0xA4F3, 0x83EE, 0x2965, 0x3185, 0x39C6, 0x634E, 0x94B2, 0x31A7, 0x94F4,   // 0x32F0 (13040) pixels
0x3186, 0x2124, 0x2125, 0x2125, 0x2124, 0x2125, 0x2104, 0x2124, 0x2104, 0x2104, 0x1904, 0x2124, 0x2125, 0x2104, 0x2104, 0x4A69,   // 0x3300 (13056) pixels
0x4248, 0x20E3, 0x738D, 0x9CD2, 0x2124, 0x2104, 0x2104, 0x2103, 0x2104, 0x2104, 0x20E3, 0x52CA, 0x31E7, 0x2125, 0x2145, 0x422A,   // 0x3310 (13072) pixels
0x52EC, 0x3A29, 0x2966, 0x3A08, 0x2145, 0x2925, 0x2145, 0x2965, 0x31A5, 0x39A6, 0x39A5, 0x31A5, 0x39C6, 0x31A4, 0x31A4, 0x41E7,   // 0x3320 (13088) pixels
0x41C6, 0x4A07, 0x4A48, 0x5289, 0x8C50, 0xFFFF, 0xFFFF, 0xFFFF, 0xFFFF, 0xFFFF, 0xA4D1, 0x8452, 0x5B0D, 0x31A7, 0xADF8, 0xC657,   // 0x3330 (13104) pixels
0x39C7, 0x3A0A, 0x94F4, 0x3A08, 0xD6BB, 0xA4F3, 0x424A, 0x532E, 0x73F1, 0xBE17, 0x738D, 0x2124, 0x2986, 0x2966, 0x2945, 0x422B,   // 0x3340 (13120) pixels
0x52CE, 0x6BB1, 0x6BCF, 0x6B8E, 0x636E, 0x634D, 0x5B2D, 0x5B0D, 0x424B, 0x3A0B, 0x2987, 0x31A6, 0x4208, 0x4207, 0x41E7, 0x4207,   // 0x3350 (13136) pixels
0x39C6, 0x4207, 0x39E7, 0x2945, 0x4A6A, 0x9D14, 0xAD74, 0x94D2, 0x3A08, 0x5288, 0x5289, 0x4207, 0x31A6, 0x4207, 0xEF9C, 0xDEFA,   // 0x3360 (13152) pixels
0xE71A, 0xEF1A, 0xEF1A, 0xEF1A, 0xCE58, 0xBD73, 0xFFDE, 0xFFFF, 0xFFFF, 0xFFFF, 0xFFFF, 0xFFFF, 0xFFFF, 0xFFFF, 0xFFDE, 0x8C0E,   // 0x3370 (13168) pixels
0x2945, 0x3164, 0x3144, 0x2987, 0x3A29, 0x2966, 0x39E8, 0x2124, 0x2124, 0x2124, 0x2124, 0x2125, 0x2124, 0x2124, 0x2945, 0x2124,   // 0x3380 (13184) pixels
0x2124, 0x2104, 0x2104, 0x2124, 0x2124, 0x2104, 0x4A49, 0x630B, 0x62A8, 0x732A, 0x7BAB, 0x7329, 0x41C6, 0x5A88, 0x7B6A, 0x7B4A,   // 0x3390 (13200) pixels
0x734A, 0x734A, 0x738C, 0x31A6, 0x2104, 0x2104, 0x2104, 0x2124, 0x2124, 0x4207, 0x7C0E, 0x6BAD, 0x8430, 0x2966, 0x5AEB, 0x9CF3,   // 0x33A0 (13216) pixels
0x7BEF, 0xA534, 0x8C92, 0x7C30, 0x94D3, 0x9513, 0x8431, 0x94B2, 0xAD95, 0x7BCE, 0x94D2, 0xB5B6, 0xFFFF, 0xFFFF, 0xFFFF, 0xFFFF,   // 0x33B0 (13232) pixels
0xFFFF, 0x9CD0, 0x7C11, 0x4A68, 0x39C7, 0x5B2E, 0x636F, 0x31A7, 0x31A6, 0x530C, 0x3A29, 0x73D1, 0x638E, 0x2945, 0x2124, 0x31C8,   // 0x33C0 (13248) pixels
0x7C31, 0x4229, 0x2124, 0x2965, 0x2945, 0x2125, 0x2965, 0x2125, 0x2987, 0x2146, 0x2146, 0x2146, 0x2146, 0x1905, 0x1905, 0x2125,   // 0x33D0 (13264) pixels
0x2944, 0x3185, 0x4A69, 0x4A49, 0x4208, 0x4A49, 0x4A28, 0x4A28, 0x4228, 0x41E8, 0x39E8, 0x39C7, 0x5ACC, 0x422A, 0x39E8, 0x94D2,   // 0x33E0 (13280) pixels
0x7BCD, 0x944D, 0x6309, 0x8C92, 0x31E8, 0x9D56, 0xA597, 0xD6B9, 0xE739, 0xE73A, 0xEF3B, 0xD698, 0xB593, 0xFFDF, 0xFFFF, 0xFFFF,   // 0x33F0 (13296) pixels
0xFFFF, 0xFFFF, 0xFFFF, 0xFFFF, 0xFFFF, 0xFFFF, 0x8C2E, 0x3166, 0x2104, 0x2924, 0x2124, 0x2125, 0x2104, 0x2105, 0x2124, 0x2124,   // 0x3400 (13312) pixels
0x2124, 0x2124, 0x2124, 0x2124, 0x2104, 0x2124, 0x2124, 0x2124, 0x2104, 0x2103, 0x2103, 0x2945, 0x2124, 0x41E7, 0x8C4F, 0xC5F4,   // 0x3410 (13328) pixels
0xA4D1, 0xAD12, 0xAD52, 0x630A, 0x8C2E, 0xB551, 0xB552, 0xBD72, 0xD615, 0xAD12, 0x2944, 0x20C3, 0x20C3, 0x2903, 0x2103, 0x2124,   // 0x3420 (13344) pixels
0x52CB, 0x7C10, 0x7BCF, 0x8491, 0x2965, 0x5B0C, 0x73AE, 0x7C0F, 0x8451, 0x636D, 0x7C0F, 0x6BAE, 0x73F0, 0x840F, 0x6B6D, 0x8C94,   // 0x3430 (13360) pixels
0x7BF0, 0x73D0, 0xAD75, 0xFFFF, 0xFFFF, 0xFFFF, 0xFFFF, 0xFFFF, 0xA4D1, 0x6B8F, 0x4269, 0x39E8, 0x39E7, 0x3A08, 0x4229, 0x3A08,   // 0x3440 (13376) pixels
0x3A09, 0x39C7, 0x4229, 0x3A08, 0x39E7, 0x39E7, 0x39E7, 0x39E8, 0x3186, 0x2124, 0x2965, 0x2965, 0x31A6, 0x630A, 0x5268, 0x39C7,   // 0x3450 (13392) pixels
0x5AE9, 0x5AA9, 0x2965, 0x2966, 0x2966, 0x2966, 0x2965, 0x2965, 0x2985, 0x528A, 0x632B, 0x3186, 0x630B, 0x736B, 0x5ACA, 0x3186,   // 0x3460 (13408) pixels
0x4A69, 0x4A69, 0x5B0B, 0xA512, 0x9490, 0x8C2F, 0xA534, 0x9CF2, 0x9CF2, 0x83EE, 0x94D3, 0x31A7, 0x31C8, 0x422A, 0x7C11, 0x8CD4,   // 0x3470 (13424) pixels
0x8C93, 0xD679, 0xEF3B, 0xAD11, 0xFFDE, 0xFFFF, 0xFFFF, 0xFFFF, 0xFFFF, 0xFFFF, 0xFFFF, 0xFFFF, 0xFFFF, 0x942F, 0x3166, 0x2944,   // 0x3480 (13440) pixels
0x2124, 0x2945, 0x2925, 0x2145, 0x2925, 0x2124, 0x2124, 0x2124, 0x2124, 0x2124, 0x2124, 0x2124, 0x2124, 0x2124, 0x2124, 0x2924,   // 0x3490 (13456) pixels
0x9CB0, 0xAD31, 0xACF0, 0x83CB, 0x9C8F, 0x840E, 0xCE36, 0x8BED, 0x83CC, 0xA4F0, 0x5AA9, 0x83ED, 0xB531, 0x9C6E, 0xAD10, 0xCE35,   // 0x34A0 (13472) pixels
0xA4F1, 0x5A88, 0x6B2A, 0x83ED, 0x9C90, 0x7BEE, 0x18E3, 0x2966, 0x31C8, 0x39E8, 0x39E9, 0x2926, 0x2945, 0x3186, 0x2945, 0x3186,   // 0x34B0 (13488) pixels
0x39E8, 0x2945, 0x2985, 0x31C7, 0x3186, 0x3186, 0x31E7, 0x3186, 0x39C6, 0x8C50, 0xFFFF, 0xFFFF, 0xFFFF, 0xFFFF, 0xFFFF, 0xA4F1,   // 0x34C0 (13504) pixels
0x4208, 0x4A48, 0x4208, 0x4208, 0x4229, 0x4A69, 0x4207, 0x2965, 0x52AB, 0x4A48, 0x3A08, 0x39E7, 0x39E7, 0x39E7, 0x39E8, 0x39E7,   // 0x34D0 (13520) pixels
0x39E7, 0x29A6, 0x2965, 0x636D, 0xAD96, 0x73EF, 0x4A8A, 0x8C93, 0xA556, 0x2966, 0x2945, 0x2145, 0x2145, 0x2145, 0x2945, 0x2145,   // 0x34E0 (13536) pixels
0x3A09, 0x8473, 0x4A8A, 0x9D13, 0xB594, 0x9CD2, 0x4A49, 0x8452, 0x424A, 0x6B8E, 0x9D14, 0x9CF3, 0xAD96, 0x6BF1, 0xA596, 0xAD73,   // 0x34F0 (13552) pixels
0xAD73, 0x8492, 0x2965, 0x5288, 0x5AE8, 0x8C4F, 0x52AB, 0x31A6, 0xB576, 0xDF3E, 0x9490, 0xFFFE, 0xFFFF, 0xFFFF, 0xFFFF, 0xFFFF,   // 0x3500 (13568) pixels
0xFFFF, 0xFFFF, 0xFFFF, 0xFFFF, 0x942F, 0x3166, 0x2965, 0x2945, 0x2945, 0x2945, 0x2945, 0x2925, 0x2125, 0x2124, 0x2924, 0x2925,   // 0x3510 (13584) pixels
0x2925, 0x2125, 0x2124, 0x2124, 0x2124, 0x2124, 0x2945, 0xBE17, 0xCE77, 0xC5F5, 0xC615, 0xA512, 0xAD12, 0xD616, 0x940C, 0x7B4A,   // 0x3520 (13600) pixels
0x9CD0, 0x4A06, 0x7B6B, 0xAD31, 0x83CB, 0xA4AE, 0xCE15, 0xB552, 0x8C0E, 0xB552, 0xBD93, 0x9CB2, 0x632C, 0x2124, 0x4207, 0x4A48,   // 0x3530 (13616) pixels
0x4A48, 0x5AEA, 0x3165, 0x630C, 0x6B4C, 0x5AEA, 0x7C2F, 0x73CE, 0x7BAE, 0x7C0E, 0x7C0E, 0x840F, 0x7BCE, 0x94D2, 0x6B2B, 0x736C,   // 0x3540 (13632) pixels
0xBDB6, 0xFFFF, 0xFFFF, 0xFFFF, 0xFFFF, 0xFFFF, 0xAD12, 0x528A, 0xBDB4, 0x944E, 0x4207, 0x4207, 0x736C, 0xAD12, 0x5A68, 0x632C,   // 0x3550 (13648) pixels
0x5ACA, 0x3186, 0x62EA, 0x8C0D, 0x4A28, 0x3186, 0x5AEB, 0x4228, 0x2945, 0x2965, 0x5B2D, 0xA555, 0x8C71, 0x4A69, 0xAD74, 0x8C92,   // 0x3560 (13664) pixels
0x31A6, 0x2966, 0x3165, 0x3165, 0x2965, 0x2965, 0x2965, 0x2966, 0x2946, 0x2145, 0x5B2F, 0x6BB2, 0x530D, 0x2966, 0x2966, 0x2966,   // 0x3570 (13680) pixels
0x3187, 0x426D, 0x426D, 0x3A2B, 0x2987, 0x73AF, 0xA555, 0x7C52, 0x52CC, 0x4A06, 0x73AF, 0x8493, 0xADB6, 0x52EB, 0x2986, 0x31A8,   // 0x3580 (13696) pixels
0x4A8D, 0x6B4D, 0xFFFE, 0xFFFF, 0xFFFF, 0xFFFF, 0xFFFF, 0xFFFF, 0xFFFF, 0xFFFF, 0xFFFF, 0x8C2F, 0x3166, 0x2945, 0x2945, 0x5289,   // 0x3590 (13712) pixels
0x840E, 0x7BED, 0x5AEA, 0x2124, 0x3A08, 0x73CE, 0x73CD, 0x6B8C, 0x2965, 0x2125, 0x2124, 0x2124, 0x2124, 0x2145, 0xBE17, 0xE71A,   // 0x35A0 (13728) pixels
0xD657, 0xCE16, 0xBD93, 0xBD93, 0xD656, 0xBD92, 0xBD51, 0xBD52, 0xACAF, 0xB510, 0xBD72, 0xBD71, 0xC5D3, 0xD656, 0xB573, 0xA4D1,   // 0x35B0 (13744) pixels
0xBD94, 0xD636, 0xAD33, 0x632C, 0x2924, 0x52CB, 0x7BCE, 0x8C50, 0x8C51, 0x31A6, 0x632C, 0x7C30, 0x6B6E, 0x4249, 0x8451, 0x73CE,   // 0x35C0 (13760) pixels
0x94B2, 0x8CB3, 0x73CF, 0x8471, 0x9D55, 0x8C71, 0x9492, 0xAD75, 0xFFFF, 0xFFFF, 0xFFFF, 0xFFFF, 0xFFFF, 0xAD11, 0x52AB, 0xDF1C,   // 0x35D0 (13776) pixels
0xBDF6, 0x52EC, 0x6BD0, 0x9D35, 0xBE38, 0x842F, 0x428C, 0x8C93, 0x4A48, 0x9D54, 0xBDD4, 0x7B8D, 0x4A6B, 0x8494, 0x426A, 0x7BEE,   // 0x35E0 (13792) pixels
0x8470, 0x9D34, 0xADF8, 0x9513, 0x8491, 0xA575, 0xB618, 0x7C50, 0x842F, 0x8450, 0x842F, 0x844F, 0x844F, 0x844F, 0x844F, 0x844F,   // 0x35F0 (13808) pixels
0x844F, 0x842F, 0x8470, 0x844F, 0x8C70, 0x8C70, 0x8C90, 0x73AC, 0x2965, 0x3186, 0x39C6, 0x3186, 0x8C70, 0xBE17, 0xB5B5, 0xACAF,   // 0x3600 (13824) pixels
0xB48C, 0xBDB2, 0xAD53, 0x9491, 0x73F0, 0x31C7, 0x2965, 0x3186, 0x736C, 0xFFFE, 0xFFFF, 0xFFFF, 0xFFFF, 0xFFFF, 0xFFFF, 0xFFFF,   // 0x3610 (13840) pixels
0xFFFF, 0xFFFF, 0x8C2F, 0x3166, 0x2945, 0x2966, 0x94D3, 0xAD74, 0x8C6F, 0x5AC9, 0x3123, 0x41C7, 0x52AA, 0x738E, 0x7C10, 0x4248,   // 0x3620 (13856) pixels
0x2125, 0x2945, 0x2124, 0x2124, 0x2945, 0xB5B6, 0xDEFA, 0xD656, 0xC5D5, 0xC5D4, 0xB552, 0xD657, 0xD656, 0xCE36, 0xCE56, 0xD636,   // 0x3630 (13872) pixels
0xD656, 0xCE56, 0xD656, 0xD656, 0xD656, 0xB552, 0xAD12, 0xB573, 0xCE16, 0xBD95, 0x840F, 0x2925, 0x31C7, 0xA534, 0x8472, 0x426B,   // 0x3640 (13888) pixels
0x8430, 0x94B2, 0x3A09, 0x2166, 0x2146, 0x2967, 0x2967, 0x2967, 0x2967, 0x2967, 0x2967, 0x2987, 0x2987, 0x3187, 0x8C30, 0xFFFF,   // 0x3650 (13904) pixels
0xFFFF, 0xFFFF, 0xFFFF, 0xFFFF, 0xAD32, 0x4208, 0x4A8C, 0x39E9, 0x31A7, 0x2986, 0x31C8, 0x31C9, 0x2987, 0x2986, 0x2167, 0x2946,   // 0x3660 (13920) pixels
0x5B2E, 0x63D1, 0x424A, 0x2966, 0x2167, 0x3A08, 0x6BB0, 0x320A, 0x29A9, 0x29A8, 0x31A8, 0x3188, 0x29A8, 0x2988, 0x2988, 0x2989,   // 0x3670 (13936) pixels
0x2988, 0x29C9, 0x29C9, 0x29A8, 0x2188, 0x2988, 0x29A9, 0x31C9, 0x29A8, 0x2989, 0x2988, 0x3188, 0x2988, 0x31A8, 0x8CB3, 0x2986,   // 0x3680 (13952) pixels
0x39C6, 0x5A8A, 0x39A6, 0x8C71, 0x9D14, 0xAD55, 0xB553, 0xB4EC, 0xC617, 0xC618, 0xA512, 0x73D0, 0x31C7, 0x3186, 0x31A7, 0x736C,   // 0x3690 (13968) pixels
0xFFFF, 0xFFFF, 0xFFFF, 0xFFFF, 0xFFFF, 0xFFFF, 0xFFFF, 0xFFFF, 0xFFFF, 0x942F, 0x3166, 0x2945, 0x2987, 0x94F3, 0xD699, 0x9490,   // 0x36A0 (13984) pixels
0x838B, 0x8B69, 0x8BAB, 0x736C, 0x840F, 0x8430, 0x4A49, 0x2125, 0x2924, 0x2945, 0x2124, 0x2945, 0xBDD7, 0xDEFA, 0xD656, 0xC5D5,   // 0x36B0 (14000) pixels
0xC5D4, 0xAD31, 0xD656, 0xCE36, 0xCE36, 0xCE36, 0xCE36, 0xD636, 0xD656, 0xD656, 0xD657, 0xD656, 0xAD32, 0xA4F1, 0xB574, 0xCE36,   // 0x36C0 (14016) pixels
0xC5F6, 0x8C30, 0x2945, 0x31A7, 0x7BF0, 0x73AD, 0x736B, 0x7BCE, 0x8C51, 0x4249, 0x2944, 0x2924, 0x3165, 0x2944, 0x2924, 0x3186,   // 0x36D0 (14032) pixels
0x39A6, 0x3185, 0x3165, 0x2966, 0x2966, 0x8C50, 0xFFFF, 0xFFFF, 0xFFFF, 0xFFFF, 0xFFFF, 0xAD32, 0x4208, 0x39E7, 0x31A7, 0x3186,   // 0x36E0 (14048) pixels
0x3185, 0x2966, 0x2965, 0x2965, 0x2965, 0x2965, 0x2966, 0x2965, 0x2945, 0x2965, 0x2965, 0x2966, 0x4229, 0x8451, 0x31A6, 0x2965,   // 0x36F0 (14064) pixels
0x4227, 0x62C8, 0x39C5, 0x62C8, 0x3184, 0x3164, 0x3164, 0x3164, 0x41E6, 0x3985, 0x39A5, 0x41C5, 0x3164, 0x3985, 0x62C9, 0x4A07,   // 0x3700 (14080) pixels
0x49E6, 0x39C5, 0x2966, 0x2966, 0x3186, 0x8CB3, 0x31A7, 0x3186, 0x39C7, 0x31A7, 0x52EC, 0xA576, 0x9D75, 0x7410, 0x4208, 0x8471,   // 0x3710 (14096) pixels
0x9555, 0xB618, 0x52CD, 0x3186, 0x39C7, 0x39E8, 0x736C, 0xFFFF, 0xFFFF, 0xFFFF, 0xFFFF, 0xFFFF, 0xFFFF, 0xFFFF, 0xFFFF, 0xFFFF,   // 0x3720 (14112) pixels
0x8C2F, 0x3186, 0x2945, 0x2967, 0x94F4, 0xD6B9, 0x9CB1, 0x83CC, 0x938A, 0x940D, 0x842F, 0x842F, 0x8410, 0x5289, 0x3985, 0x41E7,   // 0x3730 (14128) pixels
0x3985, 0x2945, 0x2945, 0xBDD7, 0xD6D9, 0xD657, 0xBDB4, 0xBD93, 0xAD10, 0xD636, 0xCE36, 0xCE36, 0xCE36, 0xD656, 0xD656, 0xD656,   // 0x3740 (14144) pixels
0xD656, 0xD656, 0xD657, 0xAD12, 0xACF2, 0xB554, 0xCE36, 0xC617, 0x842F, 0x2924, 0x2965, 0x8430, 0x6B4C, 0x634C, 0x6B6C, 0x8430,   // 0x3750 (14160) pixels
0x73CE, 0x31C6, 0x5ACB, 0x4A49, 0x4208, 0x4A69, 0x5AEB, 0x630B, 0x5AEB, 0x31A7, 0x2945, 0x2965, 0x8C2F, 0xFFFF, 0xFFFF, 0xFFFF,   // 0x3760 (14176) pixels
0xFFFF, 0xFFFF, 0xAD32, 0x41E7, 0x39C7, 0x39C7, 0x3186, 0x2966, 0x2966, 0x2945, 0x2946, 0x2945, 0x3165, 0x3185, 0x31A6, 0x3186,   // 0x3770 (14192) pixels
0x3166, 0x2966, 0x2986, 0x3A29, 0x8451, 0x2966, 0x3186, 0x52AB, 0xDEDA, 0x6B4D, 0xDEB9, 0x6B8C, 0x8C4F, 0x9CB0, 0xA4F2, 0x9CB1,   // 0x3780 (14208) pixels
0x840E, 0x738C, 0x840F, 0x94B1, 0x9CB1, 0xAD34, 0x94B1, 0xC616, 0x9CF1, 0x2965, 0x2945, 0x2945, 0x8492, 0x2986, 0x2945, 0x3186,   // 0x3790 (14224) pixels
0x39A5, 0x3186, 0x39E9, 0x3A0A, 0x31C9, 0x3186, 0x31C8, 0x3A0A, 0x6BAF, 0x424A, 0x39E7, 0x31A6, 0x39C7, 0x736C, 0xFFDE, 0xFFFF,   // 0x37A0 (14240) pixels
0xFFFF, 0xFFFF, 0xFFFF, 0xFFFF, 0xFFFF, 0xFFFF, 0xFFFF, 0x9C8F, 0x5AA8, 0x5287, 0x4A49, 0x9514, 0xC658, 0x9451, 0x7B8C, 0x7B2A,   // 0x37B0 (14256) pixels
0x736C, 0x83EF, 0x9CB2, 0x73CE, 0x9D12, 0x7B6C, 0x5AC9, 0x94B2, 0x4206, 0x2945, 0xAD95, 0xCE58, 0xD656, 0xC5B3, 0xBD92, 0xCE14,   // 0x37C0 (14272) pixels
0xD635, 0xCE35, 0xCE36, 0xD657, 0xD656, 0xD656, 0xD656, 0xD656, 0xD636, 0xD656, 0xBD93, 0xA4B0, 0xB552, 0xCE35, 0xBDB5, 0x7BEF,   // 0x37D0 (14288) pixels
0x2124, 0x2986, 0x94F3, 0x7C10, 0x73CF, 0x7C31, 0x4A6B, 0x632E, 0x3187, 0x3186, 0x3186, 0x2986, 0x3186, 0x3186, 0x3186, 0x31A6,   // 0x37E0 (14304) pixels
0x3186, 0x3186, 0x3165, 0x840F, 0xFFFF, 0xFFFF, 0xFFFF, 0xFFFF, 0xFFFF, 0xAD32, 0x41E7, 0x39C7, 0x31A6, 0x31A7, 0x31A7, 0x6B0B,   // 0x37F0 (14320) pixels
0x944D, 0x6287, 0x5AEA, 0x94D2, 0x8C91, 0x5B0B, 0x5ACC, 0x842E, 0x3186, 0x2986, 0x4249, 0x7C10, 0x736B, 0x7BAC, 0x7BEF, 0xB5B6,   // 0x3800 (14336) pixels
0x5AEA, 0xAD74, 0x52C9, 0x7BAD, 0x840F, 0x840F, 0x7BCF, 0x6B6D, 0x632C, 0x73AE, 0x7BCE, 0x73CE, 0x8410, 0x73AE, 0x94D2, 0x8C72,   // 0x3810 (14352) pixels
0x5AEB, 0x8C4E, 0x5AC9, 0x8472, 0x2987, 0x31A6, 0x8C6F, 0xBDD3, 0xA4F1, 0x6B6D, 0x8CB2, 0x73EE, 0x9CAE, 0x944D, 0x4A48, 0x73AE,   // 0x3820 (14368) pixels
0x52CC, 0x31A7, 0x3187, 0x39C7, 0x734C, 0xFFDE, 0xFFFF, 0xFFFF, 0xFFFF, 0xFFFF, 0xFFFF, 0xFFFF, 0xFFFF, 0xFFFF, 0xCE57, 0xA513,   // 0x3830 (14384) pixels
0x9491, 0x9D13, 0x4AAC, 0x8493, 0x8C92, 0x636D, 0x2144, 0x4229, 0x73D0, 0x73D0, 0x73F1, 0x7C10, 0xAD95, 0x8C50, 0x6B6E, 0x5AEA,   // 0x3840 (14400) pixels
0x2946, 0x5ACC, 0x6B6E, 0xD657, 0xD656, 0xD676, 0xD676, 0xCE35, 0xD655, 0xD636, 0xD657, 0xD656, 0xD636, 0xD636, 0xCE36, 0xCE36,   // 0x3850 (14416) pixels
0xCE36, 0xC5D5, 0xB553, 0xCDF5, 0xCE36, 0x736D, 0x4208, 0x2125, 0x2966, 0x7C31, 0x8410, 0x52AB, 0x52AC, 0x2964, 0x6B4C, 0x31A6,   // 0x3860 (14432) pixels
0x39E7, 0x3186, 0x3186, 0x31A6, 0x39E7, 0x39E7, 0x39E7, 0x31A7, 0x5AAA, 0x5ACA, 0x842F, 0xFFFF, 0xFFFF, 0xFFFF, 0xFFFF, 0xFFFF,   // 0x3870 (14448) pixels
0xAD52, 0x41E7, 0x39C7, 0x31A6, 0x39C7, 0x31C8, 0x94D4, 0xD699, 0x8C2E, 0x3187, 0x2988, 0x2987, 0xAD53, 0x7BCD, 0x8472, 0x2985,   // 0x3880 (14464) pixels
0x31A6, 0x4229, 0x8C91, 0x8C50, 0x634E, 0x4AAA, 0x9491, 0x5AEA, 0x8430, 0x4A68, 0x6B4B, 0x632B, 0x6B4C, 0x6B2B, 0x5ACA, 0x5289,   // 0x3890 (14480) pixels
0x5AEB, 0x5AEB, 0x630B, 0x5AEA, 0x630B, 0x7BAD, 0x738E, 0x4A29, 0x738E, 0x94B2, 0x8451, 0x2966, 0x31A6, 0x94B2, 0xC617, 0xB575,   // 0x38A0 (14496) pixels
0x3187, 0x3167, 0x3186, 0xBDB5, 0xC638, 0x52AB, 0x6B8D, 0x52AB, 0x31A7, 0x31A6, 0x39C7, 0x734C, 0xFFDE, 0xFFFF, 0xFFFF, 0xFFFF,   // 0x38B0 (14512) pixels
0xFFFF, 0xFFFF, 0xFFFF, 0xFFFF, 0xFFFF, 0xBDD6, 0x9CF4, 0x8452, 0x6BD0, 0x2945, 0x31A6, 0x31A6, 0x2945, 0x2945, 0x2966, 0x4A28,   // 0x38C0 (14528) pixels
0x39C6, 0x31C7, 0x73CF, 0x73AD, 0x736C, 0x52AB, 0x52CA, 0x2945, 0x4A06, 0x5AA9, 0xCE58, 0xCE57, 0xC637, 0xC636, 0xCE56, 0xCE56,   // 0x38D0 (14544) pixels
0xCE36, 0xC5F5, 0xD657, 0xCE36, 0xC5F5, 0xCE36, 0xCE36, 0xCE36, 0xBD94, 0xA4F2, 0xAD75, 0xBDF6, 0x52CA, 0x5288, 0x39C6, 0x2945,   // 0x38E0 (14560) pixels
0x31C7, 0x39C7, 0x3145, 0x3186, 0x39C6, 0x6B4C, 0x3186, 0x3186, 0x3186, 0x3186, 0x31A6, 0x39E8, 0x39E7, 0x41E7, 0x39A7, 0x5269,   // 0x38F0 (14576) pixels
0x5AAA, 0x9450, 0xFFFF, 0xFFFF, 0xFFFF, 0xFFFF, 0xFFFF, 0xAD52, 0x4208, 0x39E7, 0x31A6, 0x39E7, 0x39E7, 0x9CD2, 0xDEB8, 0xAD31,   // 0x3900 (14592) pixels
0x5A67, 0x5A67, 0x5268, 0xCE58, 0xA510, 0x8430, 0x2965, 0x31A6, 0x39E8, 0x8C71, 0x8C2F, 0x83ED, 0xA4AF, 0xBD71, 0x8BED, 0x6B6D,   // 0x3910 (14608) pixels
0x7BCE, 0xA4B0, 0xACF0, 0xACEF, 0xA4AF, 0x9C6F, 0x944E, 0x83CC, 0x83AC, 0x9C6F, 0x7BAE, 0x7BCE, 0x9470, 0x7BAE, 0x8BED, 0x840F,   // 0x3920 (14624) pixels
0x7BAE, 0x6B8E, 0x2945, 0x3186, 0xB553, 0xDE77, 0xC5D5, 0x946F, 0x9CD0, 0x946F, 0xC614, 0xD656, 0x9CD1, 0x9D12, 0x5B0D, 0x31A7,   // 0x3930 (14640) pixels
0x31A7, 0x39C7, 0x734C, 0xFFDE, 0xFFFF, 0xFFFF, 0xFFFF, 0xFFFF, 0xFFFF, 0xFFFF, 0xFFFF, 0xFFFE, 0x944F, 0x5A89, 0x3185, 0x31A6,   // 0x3940 (14656) pixels
0x2965, 0x8430, 0x9CCF, 0x2965, 0x2925, 0x39E8, 0xD698, 0x6B4B, 0x2946, 0x3186, 0x8BCD, 0x940D, 0x3165, 0x634D, 0x738C, 0x944E,   // 0x3950 (14672) pixels
0x8C4E, 0x8470, 0x3A07, 0x31A7, 0x4A69, 0x8410, 0x8451, 0x8C51, 0x9492, 0x8C51, 0x8410, 0x9CB1, 0x94B2, 0x8C91, 0x8C70, 0x738D,   // 0x3960 (14688) pixels
0x4227, 0x4AAA, 0x52EC, 0x4228, 0x73AD, 0x73AD, 0x3186, 0x8C50, 0x8C30, 0x736D, 0x5B0C, 0x31A6, 0x630C, 0x3186, 0x3186, 0x3186,   // 0x3970 (14704) pixels
0x3186, 0x31A6, 0x39E7, 0x39E7, 0x4208, 0x31A7, 0x4A48, 0x5269, 0x8C50, 0xFFFF, 0xFFFF, 0xFFFF, 0xFFFF, 0xFFFF, 0xAD52, 0x4208,   // 0x3980 (14720) pixels
0x39E7, 0x39C7, 0x39C7, 0x4208, 0xE71A, 0xF75A, 0xDEB8, 0xCE36, 0xC616, 0xC636, 0xDEFA, 0xEF18, 0x8C50, 0x2966, 0x31A6, 0x3A08,   // 0x3990 (14736) pixels
0x94B1, 0x840E, 0xAD54, 0xEF3A, 0xFF9B, 0xCE16, 0x5AAB, 0x6B6E, 0xD6B9, 0xEF7B, 0xF77B, 0xE6F9, 0xE6D8, 0xE6B8, 0xD636, 0xC5F5,   // 0x39A0 (14752) pixels
0xCE38, 0x5AEB, 0x7BCF, 0xCDF6, 0xBD54, 0xDE57, 0x9CB1, 0x738D, 0x73AE, 0x31A7, 0x39A6, 0xCE36, 0xF79B, 0xD6B9, 0xC618, 0xBDF6,   // 0x39B0 (14768) pixels
0xC617, 0xDEDA, 0xF79B, 0xC617, 0x8451, 0x632E, 0x31A7, 0x31A7, 0x39E8, 0x734C, 0xFFDE, 0xFFFF, 0xFFFF, 0xFFFF, 0xFFFF, 0xFFFF,   // 0x39C0 (14784) pixels
0xFFFF, 0xFFFF, 0xFFFF, 0xCE57, 0x946F, 0x83EE, 0x8C70, 0x3186, 0x7C32, 0x8C70, 0x2945, 0x2124, 0x2987, 0xA556, 0x5269, 0x2965,   // 0x39D0 (14800) pixels
0x5288, 0x8BEB, 0x93EB, 0x4A26, 0x7C30, 0x73AD, 0x8C4F, 0xAD52, 0x4A6A, 0x634E, 0x5B2D, 0x5B0D, 0x5B0D, 0x5B0C, 0x6B4C, 0x9CB1,   // 0x39E0 (14816) pixels
0x632C, 0x4A48, 0x8C50, 0x7BCF, 0x52CC, 0x4ACC, 0x4AAC, 0x52AC, 0x424B, 0x2146, 0x4A89, 0x8C90, 0x840E, 0x3185, 0xA554, 0x8450,   // 0x39F0 (14832) pixels
0x94D2, 0x5B2C, 0x3186, 0x5ACB, 0x3186, 0x39C7, 0x4208, 0x39C7, 0x31A6, 0x39E7, 0x39E7, 0x4208, 0x31A6, 0x4228, 0x4A69, 0x9450,   // 0x3A00 (14848) pixels
0xFFFF, 0xFFFF, 0xFFFF, 0xFFFF, 0xFFFF, 0xAD32, 0x4208, 0x39E7, 0x39C7, 0x39E7, 0x39E8, 0xDF1C, 0xE77B, 0xD6B9, 0xC637, 0xC617,   // 0x3A10 (14864) pixels
0xC638, 0xDEFB, 0xE71A, 0x7BEE, 0x2966, 0x31A6, 0x3A09, 0x8C92, 0x94D2, 0xAD33, 0xE6F9, 0xF77B, 0xE6D9, 0x736D, 0x6B8F, 0x7C12,   // 0x3A20 (14880) pixels
0x94F5, 0xDF1B, 0xE6FA, 0xE6FA, 0xE6DA, 0xC638, 0x8473, 0x73B0, 0x6B8E, 0x7C0F, 0xCE57, 0xBDB5, 0xD678, 0xAD13, 0x738E, 0x6B6E,   // 0x3A30 (14896) pixels
0x2945, 0x3186, 0xBDF6, 0xDF1B, 0xCE57, 0xD697, 0xE6F7, 0xD696, 0xC616, 0xDF1B, 0xB5F7, 0x9514, 0x530D, 0x31A7, 0x31A7, 0x39E7,   // 0x3A40 (14912) pixels
0x734C, 0xFFDE, 0xFFFF, 0xFFFF, 0xFFFF, 0xFFFF, 0xFFFF, 0xFFFF, 0xFFFF, 0xFFFF, 0xCE57, 0xA553, 0x94F1, 0x9D13, 0x2945, 0x424A,   // 0x3A50 (14928) pixels
0x8C50, 0x18E2, 0x18C3, 0x2104, 0x634D, 0x4A28, 0x31A7, 0x7C0E, 0x7BAD, 0x83ED, 0x736D, 0x8450, 0x52AB, 0x8C71, 0xB594, 0x39C6,   // 0x3A60 (14944) pixels
0x2125, 0x2104, 0x2965, 0x2945, 0x3165, 0x736D, 0xB5F7, 0x738E, 0x630C, 0xBDD6, 0x7BEE, 0x2945, 0x2125, 0x2125, 0x2104, 0x18E4,   // 0x3A70 (14960) pixels
0x2945, 0x4A28, 0x8C4F, 0x842F, 0x3185, 0x8C51, 0x738E, 0x630D, 0x5B0D, 0x3986, 0x630C, 0x3186, 0x4208, 0x4208, 0x39C7, 0x31A6,   // 0x3A80 (14976) pixels
0x39E7, 0x39E7, 0x4208, 0x31A6, 0x4A49, 0x5289, 0x8C50, 0xFFFF, 0xFFFF, 0xFFFF, 0xFFFF, 0xFFFF, 0xB532, 0x4228, 0x39E8, 0x39C7,   // 0x3A90 (14992) pixels
0x39E7, 0x4229, 0xC67A, 0xD6BA, 0xCE77, 0xEF59, 0xEF59, 0xDF18, 0xC616, 0xD6DA, 0x842F, 0x2966, 0x31A6, 0x3A29, 0x8451, 0x4A4A,   // 0x3AA0 (15008) pixels
0x9CF2, 0xE6F9, 0xFF9B, 0xEEF9, 0x942D, 0x942D, 0xA46E, 0xB531, 0xE6D9, 0xE6FA, 0xE6FA, 0xE6FA, 0xD677, 0x940D, 0xA48F, 0x9C6E,   // 0x3AB0 (15024) pixels
0xBD72, 0xD637, 0xC5B5, 0xD658, 0xA4F2, 0x3186, 0x5B0C, 0x3186, 0x39C7, 0xB5D5, 0xCE59, 0xD697, 0xEF59, 0xE739, 0xE739, 0xDED8,   // 0x3AC0 (15040) pixels
0xC638, 0x7C11, 0x632D, 0x4A6B, 0x31A6, 0x39A7, 0x39E7, 0x736C, 0xFFDF, 0xFFFF, 0xFFFF, 0xFFFF, 0xFFFF, 0xFFFF, 0xFFFF, 0xFFFF,   // 0x3AD0 (15056) pixels
0xFFFF, 0xCE58, 0x8C71, 0x8C51, 0x8451, 0x4228, 0x4A48, 0x39E8, 0x2965, 0x2965, 0x2965, 0x31A7, 0x2965, 0x2986, 0x8471, 0xA533,   // 0x3AE0 (15072) pixels
0x94B2, 0x94D2, 0xA534, 0x5288, 0x736C, 0x94B1, 0x3186, 0x20E3, 0x10A1, 0x2944, 0x3124, 0x20E3, 0x4208, 0x4A6B, 0x39C8, 0x31C7,   // 0x3AF0 (15088) pixels
0x4A8B, 0x41E8, 0x2945, 0x2945, 0x2124, 0x18E4, 0x10A3, 0x2925, 0x4A49, 0x7BCD, 0x7BCE, 0x2966, 0x52EC, 0x6B8E, 0x424A, 0x422A,   // 0x3B00 (15104) pixels
0x39A7, 0x738E, 0x3186, 0x39E8, 0x39C7, 0x39E7, 0x3186, 0x39E7, 0x39E7, 0x39E7, 0x31A6, 0x4A68, 0x5289, 0x8C2F, 0xFFFF, 0xFFFF,   // 0x3B10 (15120) pixels
0xFFFF, 0xFFFF, 0xFFFF, 0xB552, 0x4228, 0x39E8, 0x39C7, 0x39C7, 0x3A08, 0xC659, 0xC657, 0xEF7A, 0xE739, 0xE719, 0xDF39, 0xD697,   // 0x3B20 (15136) pixels
0xD699, 0x8450, 0x3186, 0x31A6, 0x4229, 0x8451, 0x4207, 0x9CD2, 0xE71A, 0xFF9B, 0xE6F9, 0xE6D8, 0xE6D8, 0xE6D8, 0xE6D9, 0xE6FA,   // 0x3B30 (15152) pixels
0xE6FA, 0xE6FA, 0xE6FA, 0xE6D9, 0xE6D9, 0xE6B8, 0xE6B8, 0xDEB8, 0xD678, 0xC5F6, 0xD657, 0xA4F2, 0x3186, 0x73AF, 0x31A7, 0x39C7,   // 0x3B40 (15168) pixels
0xBDF6, 0xC617, 0xE739, 0xE739, 0xE739, 0xE739, 0xE739, 0xC616, 0x9CD3, 0x5B0B, 0x52CC, 0x31A7, 0x31C7, 0x39E7, 0x738D, 0xFFDF,   // 0x3B50 (15184) pixels
0xFFFF, 0xFFFF, 0xFFFF, 0xFFFF, 0xFFFF, 0xFFFF, 0xFFFF, 0xFFFF, 0xBDD6, 0x8451, 0x6BAE, 0x5B4E, 0x4A8A, 0x4248, 0x3186, 0x3186,   // 0x3B60 (15200) pixels
0x2986, 0x2985, 0x3186, 0x2965, 0x2966, 0x7C10, 0x9CF3, 0x94D3, 0xA574, 0x420A, 0x3A29, 0x5ACB, 0x52AB, 0x2965, 0x6B6C, 0x4A68,   // 0x3B70 (15216) pixels
0x73AE, 0x5ACB, 0x2924, 0x2104, 0x2104, 0x2104, 0x630C, 0x73CE, 0x7BEE, 0x8C70, 0x2965, 0x2125, 0x20E4, 0x1904, 0x2124, 0x2966,   // 0x3B80 (15232) pixels
0x5ACB, 0x39E8, 0x2945, 0x5289, 0x5269, 0x39A6, 0x4207, 0x39A7, 0x73AE, 0x3186, 0x31A7, 0x39E7, 0x31A6, 0x31A6, 0x39E7, 0x39E7,   // 0x3B90 (15248) pixels
0x39E7, 0x31A6, 0x4A69, 0x528A, 0x8C2F, 0xFFFF, 0xFFFF, 0xFFFF, 0xFFFF, 0xFFFF, 0xB552, 0x4228, 0x3A08, 0x39C7, 0x39C7, 0x3A08,   // 0x3BA0 (15264) pixels
0xC679, 0xCE77, 0xEF7A, 0xE739, 0xE739, 0xE719, 0xDEF8, 0xCE99, 0x8430, 0x3186, 0x3186, 0x4A49, 0x7C10, 0x4208, 0x9CD2, 0xEF1A,   // 0x3BB0 (15280) pixels
0xFFBB, 0xE6F9, 0xDEB9, 0xDE98, 0xE6D9, 0xEF3B, 0xE6FA, 0xE6FA, 0xE6FA, 0xE6FA, 0xDED9, 0xDEDA, 0xD698, 0xE6F9, 0xE6FA, 0xD678,   // 0x3BC0 (15296) pixels
0xC5F6, 0xD657, 0xA4F2, 0x2965, 0x6B8E, 0x3186, 0x39A7, 0xBDF6, 0xC617, 0xE739, 0xE739, 0xE739, 0xE739, 0xE739, 0xC636, 0x9D14,   // 0x3BD0 (15312) pixels
0x632C, 0x4AAB, 0x3186, 0x39C6, 0x3A07, 0x738D, 0xFFFE, 0xFFFF, 0xFFFF, 0xFFFF, 0xFFFF, 0xFFFF, 0xFFFF, 0xFFFF, 0xFFFF, 0x9CD1,   // 0x3BE0 (15328) pixels
0x5268, 0x39A5, 0x39E6, 0x4208, 0x4228, 0x3186, 0x2985, 0x2985, 0x3186, 0x2965, 0x2965, 0x29A6, 0x8451, 0x9CD1, 0x7BCD, 0x8430,   // 0x3BF0 (15344) pixels
0x5ACA, 0x2145, 0x2145, 0x2145, 0x2986, 0x8430, 0xA4D1, 0x62A9, 0x5A47, 0x3123, 0x2903, 0x2903, 0x2923, 0x72E9, 0x6B0A, 0x9CD2,   // 0x3C00 (15360) pixels
0x7BEF, 0x3186, 0x2945, 0x2124, 0x2125, 0x2945, 0x2945, 0x2945, 0x2945, 0x2966, 0x8C71, 0x738E, 0x630B, 0x632D, 0x2925, 0x2946,   // 0x3C10 (15376) pixels
0x3186, 0x31A6, 0x31A6, 0x31A6, 0x3186, 0x3186, 0x3186, 0x31A6, 0x31A6, 0x3186, 0x2946, 0x840F, 0xFFFF, 0xFFFF, 0xFFFF, 0xFFFF,   // 0x3C20 (15392) pixels
0xFFFF, 0xB553, 0x4A28, 0x4208, 0x39C7, 0x39C7, 0x39E8, 0xC679, 0xCE98, 0xEF7A, 0xE73A, 0xE73A, 0xE739, 0xDED8, 0xD699, 0x8450,   // 0x3C30 (15408) pixels
0x3165, 0x39C7, 0x4A49, 0x8C51, 0x4228, 0x9CD2, 0xEF3A, 0xFFBB, 0xE6F9, 0xBDB6, 0x9CF2, 0xDEFA, 0xE71B, 0xE6DA, 0xDEDA, 0xDED9,   // 0x3C40 (15424) pixels
0xDED9, 0xDEB9, 0xA4F3, 0xB595, 0xE73B, 0xD699, 0xD658, 0xC5F6, 0xD657, 0xA512, 0x2965, 0x6B8E, 0x3186, 0x39C7, 0xBDF6, 0xC637,   // 0x3C50 (15440) pixels
0xE719, 0xE739, 0xE739, 0xE739, 0xE739, 0xC636, 0x9D14, 0x5B0B, 0x7C10, 0x5227, 0x9CF2, 0x4228, 0x7BAD, 0xFFFF, 0xFFFF, 0xFFFF,   // 0x3C60 (15456) pixels
0xFFFF, 0xFFFF, 0xFFFF, 0xFFFF, 0xFFFF, 0xFFFF, 0xD677, 0x9490, 0x7BCD, 0x842F, 0x3165, 0x4A28, 0x5AA9, 0x3185, 0x5289, 0x3166,   // 0x3C70 (15472) pixels
0x4A48, 0x41C6, 0x3186, 0x73F0, 0x8451, 0x7BEF, 0x73AE, 0x5AEB, 0x2125, 0x2124, 0x2124, 0x2966, 0x8471, 0xD6B9, 0x9491, 0xBD94,   // 0x3C80 (15488) pixels
0x5AA9, 0x8389, 0x9389, 0x5A67, 0xC5F4, 0xA4F2, 0x9CB2, 0x7BEF, 0x3186, 0x2945, 0x2124, 0x2925, 0x2125, 0x2104, 0x2124, 0x2125,   // 0x3C90 (15504) pixels
0x2965, 0x9D13, 0xA574, 0xA575, 0x52AB, 0x2945, 0x2945, 0x2965, 0x62EC, 0x52AA, 0x5289, 0x52AA, 0x630B, 0x632B, 0x630B, 0x39A7,   // 0x3CA0 (15520) pixels
0x2965, 0x2966, 0x8C2F, 0xFFFF, 0xFFFF, 0xFFFF, 0xFFFF, 0xFFFF, 0xB573, 0x4A28, 0x4208, 0x4208, 0x4A47, 0x5AA9, 0xC659, 0xCE98,   // 0x3CB0 (15536) pixels
0xE75A, 0xE739, 0xE739, 0xE739, 0xD6B8, 0xD6B9, 0x8C50, 0x39A6, 0x39C7, 0x5269, 0x8430, 0x4207, 0xA512, 0xEF5B, 0xFFDC, 0xE71A,   // 0x3CC0 (15552) pixels
0xCE15, 0x8C0E, 0xAD14, 0xC5F7, 0xDEB9, 0xDED9, 0xDED9, 0xDEB9, 0xDE98, 0xBD73, 0x944F, 0xA4D2, 0xCE37, 0xD657, 0xC5F6, 0xD678,   // 0x3CD0 (15568) pixels
0xA512, 0x2965, 0x6B8E, 0x3186, 0x39C7, 0xBDF6, 0xCE78, 0xD6B7, 0xE739, 0xE739, 0xE739, 0xDF19, 0xC617, 0x9D34, 0x632C, 0x94B2,   // 0x3CE0 (15584) pixels
0xB594, 0x9D35, 0x4A8B, 0x7BAD, 0xFFFF, 0xFFFF, 0xFFFF, 0xFFFF, 0xFFFF, 0xFFFF, 0xFFFF, 0xFFFF, 0xFFFF, 0xC617, 0xA554, 0x9D12,   // 0x3CF0 (15600) pixels
0x9D34, 0x738B, 0x6B4C, 0x946F, 0x41C6, 0x9490, 0x41C6, 0x9490, 0x5289, 0x2966, 0x5ACC, 0x9450, 0x8C0E, 0x4249, 0x3A08, 0x2925,   // 0x3D00 (15616) pixels
0x2925, 0x2145, 0x2966, 0x8C71, 0xCE59, 0x842F, 0xAD54, 0x62C9, 0x7349, 0x7B49, 0x5267, 0xBDD6, 0x8C2F, 0xAD55, 0x73CF, 0x2985,   // 0x3D10 (15632) pixels
0x3185, 0x3185, 0x2985, 0x2945, 0x2125, 0x2125, 0x2125, 0x2965, 0x8451, 0x7BEF, 0x4A8B, 0x634D, 0x2925, 0x2946, 0x2946, 0x2946,   // 0x3D20 (15648) pixels
0x31A7, 0x3186, 0x2945, 0x2945, 0x2946, 0x2945, 0x2965, 0x2965, 0x3166, 0x8C2F, 0xFFFF, 0xFFFF, 0xFFFF, 0xFFFF, 0xFFFF, 0xB572,   // 0x3D30 (15664) pixels
0x4A48, 0x4208, 0x4209, 0x9514, 0xB5D6, 0xCE79, 0xD6B9, 0xDF19, 0xE739, 0xE739, 0xDF19, 0xD6B8, 0xDEFA, 0x9491, 0x8430, 0x8C71,   // 0x3D40 (15680) pixels
0x9D33, 0x844F, 0x840E, 0xAD73, 0xEF5B, 0xFFFD, 0xEF5A, 0xDEB8, 0xDE78, 0xDE76, 0xDEB8, 0xDEB9, 0xDED9, 0xDED9, 0xDEB9, 0xDEB9,   // 0x3D50 (15696) pixels
0xDE98, 0xD677, 0xD657, 0xD678, 0xD657, 0xCE16, 0xD678, 0xAD53, 0x39E6, 0x73AE, 0x31A7, 0x39C7, 0xBDD5, 0xDED9, 0xC616, 0xDEF9,   // 0x3D60 (15712) pixels
0xE73A, 0xDF19, 0xC615, 0xDED9, 0xAD55, 0x630C, 0x7BAE, 0x942F, 0x528A, 0x4A29, 0x83AD, 0xFFFE, 0xFFFF, 0xFFFF, 0xFFFF, 0xFFFF,   // 0x3D70 (15728) pixels
0xFFFF, 0xFFFF, 0xFFFF, 0xFFFF, 0xA512, 0x8CB3, 0x8431, 0x6BAF, 0x636F, 0x7C11, 0xAD54, 0x4A6A, 0xC658, 0x4A69, 0xC639, 0x8C0F,   // 0x3D80 (15744) pixels
0x2965, 0x3185, 0x940C, 0x9C2C, 0x3964, 0x2944, 0x2925, 0x2125, 0x2125, 0x2965, 0x8471, 0xC638, 0x9491, 0xB5B5, 0x5AA9, 0x5246,   // 0x3D90 (15760) pixels
0x5A46, 0x5A67, 0xC5D3, 0xA4D0, 0xA534, 0x7BEF, 0x31C6, 0x94B1, 0x8430, 0x632B, 0x630B, 0x2925, 0x2924, 0x2925, 0x2946, 0x4A6B,   // 0x3DA0 (15776) pixels
0x738E, 0x4A8A, 0x4229, 0x2965, 0x2945, 0x3165, 0x2965, 0x3985, 0x41A5, 0x2965, 0x3165, 0x31A5, 0x3164, 0x2965, 0x2966, 0x3166,   // 0x3DB0 (15792) pixels
0x8C30, 0xFFFF, 0xFFFF, 0xFFFF, 0xFFFF, 0xFFFF, 0xDEB8, 0x7B49, 0x4A28, 0x4248, 0xAE19, 0xB639, 0xD6FA, 0xEF3A, 0xD6B9, 0xD6D8,   // 0x3DC0 (15808) pixels
0xD6D9, 0xD6D9, 0xDF1A, 0xE73A, 0x9CD2, 0x842F, 0xB573, 0x8C91, 0x9CF2, 0x7B8D, 0xBDB6, 0xEF5C, 0xFFFE, 0xEF5B, 0xCE99, 0xCE99,   // 0x3DD0 (15824) pixels
0xCE9A, 0xD6B9, 0xDEDA, 0xDED9, 0xDED9, 0xDEB9, 0xD699, 0xCE59, 0xC658, 0xC639, 0xC637, 0xD657, 0xCE17, 0xD658, 0xBD94, 0x4A68,   // 0x3DE0 (15840) pixels
0x6B8E, 0x2966, 0x39C7, 0xBDF6, 0xEF7A, 0xD6B9, 0xC658, 0xBE16, 0xBE17, 0xDED9, 0xEF5A, 0xB595, 0x6B2C, 0x9470, 0xA4F0, 0x9CD1,   // 0x3DF0 (15856) pixels
0x72E9, 0xCDB3, 0xFFFF, 0xFFFF, 0xFFFF, 0xFFFF, 0xFFFF, 0xFFFF, 0xFFFF, 0xFFFF, 0xFFFF, 0xBDD5, 0x9490, 0xB550, 0x5246, 0x52A9,   // 0x3E00 (15872) pixels
0x3A08, 0x39A7, 0x31A7, 0x3A0A, 0x2987, 0x4209, 0x39C7, 0x31A7, 0x73AC, 0x8C2D, 0x942D, 0x5AA9, 0x52A9, 0x2945, 0x5268, 0x4A06,   // 0x3E10 (15888) pixels
0x2945, 0x8C51, 0x6B6D, 0x632C, 0x6B6E, 0x39C7, 0x39A6, 0x39A6, 0x41C6, 0x83CC, 0x7BAB, 0x632B, 0x8451, 0x31A7, 0x6BAF, 0x73AF,   // 0x3E20 (15904) pixels
0x632D, 0x634E, 0x3185, 0x5AA9, 0x4207, 0x2924, 0x5AC9, 0x7BCE, 0x5AAA, 0x9CB2, 0x73CD, 0x3185, 0x8430, 0x8C51, 0x83EE, 0x94D2,   // 0x3E30 (15920) pixels
0x4A29, 0x632C, 0x94B2, 0x5B0B, 0x2965, 0x3166, 0x3986, 0x9C90, 0xFFFF, 0xFFFF, 0xFFFF, 0xFFFF, 0xFFFF, 0xFFFF, 0xEEF8, 0x83AB,   // 0x3E40 (15936) pixels
0x5269, 0x428C, 0x426B, 0xC679, 0xEF7B, 0xCE9A, 0xBE5B, 0xBE5A, 0xBE7A, 0xE75B, 0xDED8, 0x94B2, 0x5AED, 0x7C11, 0x5B0D, 0x9CF3,   // 0x3E50 (15952) pixels
0x8C4E, 0xC5F6, 0xEF5B, 0xFFFD, 0xEF5B, 0x630D, 0x4A6B, 0x5ACC, 0x9CB1, 0xD699, 0xDED9, 0xDEB9, 0xDEB9, 0xBDB5, 0x83EE, 0x528B,   // 0x3E60 (15968) pixels
0x52CD, 0x8430, 0xD637, 0xCDF6, 0xD658, 0xBDD6, 0x6B4C, 0x73CF, 0x39C8, 0x31C6, 0xAD95, 0xDEFA, 0xDEDB, 0x7C74, 0x7434, 0x7C34,   // 0x3E70 (15984) pixels
0xCE59, 0xD6DA, 0x8453, 0x6B6C, 0xB595, 0xAD74, 0x9470, 0xDEB7, 0xFFDE, 0xFFFF, 0xFFFF, 0xFFFF, 0xFFFF, 0xFFFF, 0xFFFF, 0xFFFF,   // 0x3E80 (16000) pixels
0xFFFF, 0xFFFF, 0xBDD5, 0x94B2, 0xD677, 0xC5D2, 0x6B4D, 0x9CF2, 0x9490, 0x7BEF, 0x31A6, 0x31C7, 0x7410, 0x8430, 0x842F, 0x8C6F,   // 0x3E90 (16016) pixels
0xA4F3, 0x9CB1, 0x738D, 0x5AEB, 0x4A48, 0x842D, 0x948F, 0x41E7, 0x4ACD, 0x532E, 0x634E, 0x8C70, 0x5AC9, 0x2964, 0x630A, 0x6B2A,   // 0x3EA0 (16032) pixels
0x8C4F, 0x73AF, 0x52ED, 0x7C31, 0x6B4C, 0x4208, 0x31A7, 0x2966, 0x2986, 0x5A89, 0x6309, 0x6B4B, 0x3186, 0x94D2, 0x7C0F, 0x73AD,   // 0x3EB0 (16048) pixels
0x9492, 0x738E, 0x5287, 0x7BAE, 0x9492, 0x9CF3, 0x8C50, 0x6B09, 0x734A, 0x73EF, 0x6BAF, 0x2986, 0x3186, 0x6287, 0xD637, 0xFFFF,   // 0x3EC0 (16064) pixels
0xFFFF, 0xFFFF, 0xFFFF, 0xFFFF, 0xFFFF, 0xFFFF, 0xF79C, 0x944E, 0x5268, 0x4249, 0xA557, 0xDEFB, 0x83EF, 0x5269, 0x62CB, 0x5AEB,   // 0x3ED0 (16080) pixels
0xC639, 0x8C91, 0x73EF, 0x6B0B, 0xC5F3, 0x946F, 0x9D12, 0x9CF2, 0xC617, 0xEF5B, 0xFFFD, 0xF75B, 0x5A88, 0x942D, 0x944D, 0x9C6D,   // 0x3EE0 (16096) pixels
0xD698, 0xDED9, 0xDEB9, 0xDEB8, 0xB554, 0x8BCB, 0xB511, 0x6B2B, 0x83EE, 0xCE37, 0xCDF6, 0xD658, 0xBDB6, 0x6B4D, 0x738E, 0x39E8,   // 0x3EF0 (16112) pixels
0x41E8, 0x94F3, 0xC658, 0xC659, 0x632B, 0x7BCD, 0x738C, 0xBDF6, 0xBE18, 0x6B6D, 0x6B6D, 0x7C11, 0x9451, 0xE6F9, 0xFFFF, 0xFFFF,   // 0x3F00 (16128) pixels
0xFFFF, 0xFFFF, 0xFFFF, 0xFFFF, 0xFFFF, 0xFFFF, 0xFFFF, 0xFFFF, 0xFFFF, 0xF79D, 0xAD12, 0x73AD, 0x8C70, 0x7BCD, 0x9D34, 0xCE57,   // 0x3F10 (16144) pixels
0x6AEA, 0x41C6, 0x41E6, 0x5AAA, 0x842F, 0x8CB2, 0x8CB3, 0x94D2, 0x8C91, 0x8472, 0x4228, 0x5289, 0x94AF, 0xA510, 0x4A27, 0x2125,   // 0x3F20 (16160) pixels
0x2925, 0x4A49, 0x94D2, 0x83ED, 0x4A48, 0x8C50, 0x8450, 0x8C70, 0x738C, 0x39A6, 0x6B6D, 0x738D, 0x842F, 0x4A27, 0x736D, 0x5AEA,   // 0x3F30 (16176) pixels
0x630B, 0x94B0, 0x94B0, 0x3186, 0x52ED, 0x73F1, 0x7C32, 0x94B2, 0x738D, 0x4227, 0x6B6C, 0x8CB1, 0x8C93, 0x73AD, 0x5ACA, 0x632B,   // 0x3F40 (16192) pixels
0x632D, 0x2967, 0x3186, 0x6B2A, 0xE6FA, 0xFFFF, 0xFFFF, 0xFFFF, 0xFFFF, 0xFFFF, 0xFFFF, 0xFFFF, 0xFFFF, 0xFFFF, 0xFFDE, 0xB531,   // 0x3F50 (16208) pixels
0x62A9, 0x62ED, 0x7BF1, 0x634D, 0x6B8E, 0x6B8F, 0x6B8F, 0x6B8F, 0x6B2D, 0x62EC, 0x8C2F, 0x8C73, 0x8C72, 0x8451, 0x7B8C, 0xCE58,   // 0x3F60 (16224) pixels
0xEF5B, 0xFFFD, 0xF77B, 0x6B29, 0xC616, 0x9CF4, 0x840C, 0xD679, 0xDEB9, 0xDEB9, 0xD6B9, 0xB553, 0x9C8E, 0xAD96, 0x738E, 0x942E,   // 0x3F70 (16240) pixels
0xCE16, 0xC5F6, 0xD637, 0xC5D5, 0x62C9, 0x7B6D, 0x5228, 0x5228, 0x5A8A, 0x6B0E, 0x6B0E, 0x5ACC, 0x630E, 0x630C, 0x630C, 0x62EC,   // 0x3F80 (16256) pixels
0x5AA9, 0x7B4C, 0xACF1, 0xF75B, 0xFFFF, 0xFFFF, 0xFFFF, 0xFFFF, 0xFFFF, 0xFFFF, 0xFFFF, 0xFFFF, 0xFFFF, 0xFFFF, 0xFFFF, 0xFFFF,   // 0x3F90 (16272) pixels
0xFFFF, 0xFFFF, 0xCE58, 0x842F, 0x7C31, 0xA534, 0xB5B5, 0x8C2F, 0x52A9, 0x52CA, 0x7BCE, 0x94B1, 0x8C71, 0x31C8, 0x31EA, 0x31E9,   // 0x3FA0 (16288) pixels
0x29A8, 0x2965, 0x528A, 0x7BF0, 0x7BCE, 0x4207, 0x2124, 0x2944, 0x4A49, 0x8CB2, 0xAD75, 0x4A6A, 0x9D14, 0x844F, 0x840F, 0x7BCE,   // 0x3FB0 (16304) pixels
0x3186, 0x5AAB, 0x73AD, 0x9CF3, 0x5B2D, 0x73AF, 0x5AEB, 0x632C, 0x9CD2, 0xA513, 0x3186, 0x2945, 0x2945, 0x2966, 0x52CD, 0x4ACD,   // 0x3FC0 (16320) pixels
0x2966, 0x52ED, 0x426B, 0x3A09, 0x4A6C, 0x31C8, 0x3A09, 0x39E9, 0x39A5, 0x83CE, 0xF77C, 0xFFFF, 0xFFFF, 0xFFFF, 0xFFFF, 0xFFFF,   // 0x3FD0 (16336) pixels
0xFFFF, 0xFFFF, 0xFFFF, 0xFFFF, 0xFFFF, 0xFFFF, 0xFFFE, 0xF75B, 0xEF3B, 0xEF3B, 0xEF3B, 0xEF3B, 0xEF3B, 0xEF3B, 0xEF3B, 0xEF1B,   // 0x3FE0 (16352) pixels
0xEF1B, 0xEF1C, 0xE71C, 0xEF3C, 0xEF1C, 0xEF1A, 0xEF5B, 0xEF3B, 0xFFFE, 0xEF5B, 0x736B, 0xBDD6, 0x630B, 0x83AC, 0xD678, 0xDEB9,   // 0x3FF0 (16368) pixels
0xD699, 0xD698, 0xAD33, 0xAD12, 0x7B8E, 0x5A8A, 0x7BCE, 0xCE37, 0xCDF6, 0xD657, 0xEF1A, 0xEF3A, 0xF73B, 0xF73A, 0xF75A, 0xF75B,   // 0x4000 (16384) pixels
0xF75B, 0xF75B, 0xF75B, 0xF77B, 0xF77B, 0xF77B, 0xF77B, 0xF75B, 0xF77B, 0xFFDD, 0xFFFF, 0xFFFF, 0xFFFF, 0xFFFF, 0xFFFF, 0xFFFF,   // 0x4010 (16400) pixels
0xFFFF, 0xFFFF, 0xFFFF, 0xFFFF, 0xFFFF, 0xFFFF, 0xFFFF, 0xFFFF, 0xFFFF, 0xFFFF, 0xE6DA, 0x62CB, 0x9D14, 0xA513, 0x8C50, 0x4A28,   // 0x4020 (16416) pixels
0x4208, 0x73AD, 0x73CE, 0x8C71, 0x3186, 0x2945, 0x2945, 0x2945, 0x2945, 0x39C7, 0x5A89, 0x6B2B, 0x3986, 0x2925, 0x2925, 0x4209,   // 0x4030 (16432) pixels
0x8CB3, 0x73CF, 0x3166, 0x73EF, 0x8492, 0x8472, 0x73F0, 0x2986, 0x636D, 0x8431, 0x4A6C, 0x3166, 0x3187, 0x2966, 0x41E7, 0x6B6C,   // 0x4040 (16448) pixels
0x630C, 0x3165, 0x3165, 0x3165, 0x3165, 0x3965, 0x3965, 0x3165, 0x3165, 0x3985, 0x39A5, 0x3985, 0x3985, 0x39A6, 0x41C6, 0xA4F2,   // 0x4050 (16464) pixels
0xFFDE, 0xFFFF, 0xFFFF, 0xFFFF, 0xFFFF, 0xFFFF, 0xFFFF, 0xFFFF, 0xFFFF, 0xFFFF, 0xFFFF, 0xFFFF, 0xFFFF, 0xFFFF, 0xFFFF, 0xFFFF,   // 0x4060 (16480) pixels
0xFFFF, 0xFFFF, 0xFFFF, 0xFFFF, 0xFFFF, 0xFFFF, 0xFFFF, 0xFFFF, 0xFFFF, 0xFFFF, 0xFFFF, 0xFFFF, 0xFFFF, 0xE75C, 0xEF3B, 0xFFFD,   // 0x4070 (16496) pixels
0xF75B, 0x5AA9, 0xC5F6, 0xACF0, 0x7B6B, 0xD678, 0xD699, 0xD698, 0xD698, 0xB552, 0x9CB1, 0xA4B0, 0xA48F, 0x6AE9, 0xCE16, 0xCDF6,   // 0x4080 (16512) pixels
0xD637, 0xEEFB, 0xFFFF, 0xFFFF, 0xFFFF, 0xFFFF, 0xFFFF, 0xFFFF, 0xFFFF, 0xFFFF, 0xFFFF, 0xFFFF, 0xFFFF, 0xFFFF, 0xFFFF, 0xFFFF,   // 0x4090 (16528) pixels
0xFFFF, 0xFFFF, 0xFFFF, 0xFFFF, 0xFFFF, 0xFFFF, 0xFFFF, 0xFFFF, 0xFFFF, 0xFFFF, 0xFFFF, 0xFFFF, 0xFFFF, 0xFFFF, 0xFFFF, 0xFFFF,   // 0x40A0 (16544) pixels
0xFFFF, 0xFFFF, 0xF75C, 0xACF4, 0xB575, 0xB555, 0x940F, 0x9430, 0xB555, 0xAD54, 0x9450, 0x942E, 0x9C2E, 0x9C2F, 0x9C2F, 0x9C4F,   // 0x40B0 (16560) pixels
0x9C4F, 0x9BEC, 0x8B8A, 0x8BCA, 0x8B89, 0x7B29, 0x7B2A, 0x7B4A, 0x7B6A, 0x7B49, 0x7B6B, 0x7B6A, 0x838B, 0x838B, 0x838B, 0x8BAB,   // 0x40C0 (16576) pixels
0x8BCC, 0x8BAB, 0x8BCA, 0x8BCB, 0x8BEB, 0x9C4C, 0xACF0, 0xC5B4, 0xC5D5, 0xCDD5, 0xCDF6, 0xCE16, 0xCE37, 0xD637, 0xD678, 0xD678,   // 0x40D0 (16592) pixels
0xDE99, 0xDEB9, 0xDEB9, 0xE6DA, 0xE6FA, 0xEF5B, 0xFFFF, 0xFFFF, 0xFFFF, 0xFFFF, 0xFFFF, 0xFFFF, 0xFFFF, 0xFFFF, 0xFFFF, 0xFFFF,   // 0x40E0 (16608) pixels
0xFFFF, 0xFFFF, 0xFFFF, 0xFFFF, 0xFFFF, 0xFFFF, 0xFFFF, 0xFFFF, 0xFFFF, 0xFFFF, 0xFFFF, 0xFFFF, 0xFFFF, 0xFFFF, 0xFFFF, 0xFFFF,   // 0x40F0 (16624) pixels
0xFFFF, 0xFFFF, 0xFFFF, 0xFFFE, 0xE71B, 0xE73A, 0xFFFD, 0xEF5B, 0xC5B4, 0xDE98, 0xD677, 0xC5B4, 0xDE98, 0xD678, 0xD678, 0xD678,   // 0x4100 (16640) pixels
0xCE16, 0xCDF5, 0xCDF6, 0xCDF5, 0xBD73, 0xC5F6, 0xC5F6, 0xCE37, 0xDEDA, 0xFFFF, 0xFFFF, 0xFFFF, 0xFFFF, 0xFFFF, 0xFFFF, 0xFFFF,   // 0x4110 (16656) pixels
0xFFFF, 0xFFFF, 0xFFFF, 0xFFFF, 0xFFFF, 0xFFFF, 0xFFFF, 0xFFFF, 0xFFFF, 0xFFFF, 0xFFFF, 0xFFFF, 0xFFFF, 0xFFFF, 0xFFFF, 0xFFFF,   // 0x4120 (16672) pixels
0xFFFF, 0xFFFF, 0xFFFF, 0xFFFF, 0xFFFF, 0xFFFF, 0xFFFF, 0xFFFF, 0xFFFF, 0xFFFF, 0xFFFF, 0xFFFF, 0xFFFF, 0xFFFF, 0xFFFF, 0xFFFF,   // 0x4130 (16688) pixels
0xFFFF, 0xFFFF, 0xFFFF, 0xFFFF, 0xFFFF, 0xFFFF, 0xFFFF, 0xFFFF, 0xE71B, 0xCE16, 0xDED9, 0xC636, 0xB574, 0xB574, 0xB574, 0xAD54,   // 0x4140 (16704) pixels
0xAD33, 0x8C50, 0x840E, 0xB554, 0xB554, 0xB574, 0xB575, 0xB575, 0xAD74, 0xAD54, 0xAD54, 0xAD54, 0xC5D6, 0xE6FA, 0xFFFF, 0xFFFF,   // 0x4150 (16720) pixels
0xFFFF, 0xFFFF, 0xFFFF, 0xFFFF, 0xFFFF, 0xFFFF, 0xFFFF, 0xFFFF, 0xFFFF, 0xFFFF, 0xFFFF, 0xFFFF, 0xFFFF, 0xFFFF, 0xFFFF, 0xFFFF,   // 0x4160 (16736) pixels
0xFFFF, 0xFFFF, 0xFFFF, 0xFFFF, 0xFFFF, 0xFFFF, 0xFFFF, 0xFFFF, 0xFFFF, 0xFFFF, 0xFFFF, 0xFFFF, 0xFFFF, 0xFFFF, 0xFFFF, 0xFFFF,   // 0x4170 (16752) pixels
0xFFFF, 0xFFFF, 0xFFFF, 0xFFFF, 0xFFFF, 0xFFFF, 0xFFFF, 0xFFFF, 0xFFFF, 0xFFFF, 0xFFDF, 0xDEDA, 0xE71B, 0xFFDD, 0xE71A, 0xD679,   // 0x4180 (16768) pixels
0xD678, 0xD678, 0xD698, 0xD698, 0xD698, 0xD678, 0xD678, 0xD657, 0xCE37, 0xCE17, 0xC616, 0xC5D5, 0xBDD5, 0xBDD5, 0xC616, 0xD6B9,   // 0x4190 (16784) pixels
0xFFFF, 0xFFFF, 0xFFFF, 0xFFFF, 0xFFFF, 0xFFFF, 0xFFFF, 0xFFFF, 0xFFFF, 0xFFFF, 0xFFFF, 0xFFFF, 0xFFFF, 0xFFFF, 0xFFFF, 0xFFFF,   // 0x41A0 (16800) pixels
0xFFFF, 0xFFFF, 0xFFFF, 0xFFFF, 0xFFFF, 0xFFFF, 0xFFFF, 0xFFFF, 0xFFFF, 0xFFFF, 0xFFFF, 0xFFFF, 0xFFFF, 0xFFFF, 0xFFFF, 0xFFFF,   // 0x41B0 (16816) pixels
0xFFFF, 0xFFFF, 0xFFFF, 0xFFFF, 0xFFFF, 0xFFFF, 0xFFFF, 0xFFFF, 0xFFFF, 0xFFFF, 0xFFFF, 0xFFFF, 0xFFFF, 0xFFFF, 0xFFFF, 0xE71B,   // 0x41C0 (16832) pixels
0xBDB5, 0xCE79, 0xB595, 0x9491, 0x9471, 0x8C50, 0x8C4F, 0x8C70, 0x842F, 0x83EE, 0xA4F2, 0x8C30, 0x8C50, 0x8C50, 0x8C50, 0x8C50,   // 0x41D0 (16848) pixels
0x8C50, 0x8C50, 0x9491, 0xB575, 0xDEDA, 0xFFFF, 0xFFFF, 0xFFFF, 0xFFFF, 0xFFFF, 0xFFFF, 0xFFFF, 0xFFFF, 0xFFFF, 0xFFFF, 0xFFFF,   // 0x41E0 (16864) pixels
0xFFFF, 0xFFFF, 0xFFFF, 0xFFFF, 0xFFFF, 0xFFFF, 0xFFFF, 0xFFFF, 0xFFFF, 0xFFFF, 0xFFFF, 0xFFFF, 0xFFFF, 0xFFFF, 0xFFFF, 0xFFFF,   // 0x41F0 (16880) pixels
0xFFFF, 0xFFFF, 0xFFFF, 0xFFFF, 0xFFFF, 0xFFFF, 0xFFFF, 0xFFFF, 0xFFFF, 0xFFFF, 0xFFFF, 0xFFFF, 0xFFFF, 0xFFFF, 0xFFFF, 0xFFFF,   // 0x4200 (16896) pixels
0xFFFF, 0xFFFF, 0xEF9D, 0xEF5D, 0xF79E, 0xF79D, 0xEF7C, 0xEF7D, 0xF79D, 0xF79D, 0xF79D, 0xF79D, 0xF79D, 0xF79D, 0xF79D, 0xF79E,   // 0x4210 (16912) pixels
0xF7BE, 0xF7BE, 0xF7BE, 0xF7BE, 0xF7BE, 0xF79E, 0xF7BE, 0xFFFF, 0xFFFF, 0xFFFF, 0xFFFF, 0xFFFF, 0xFFFF, 0xFFFF, 0xFFFF, 0xFFFF,   // 0x4220 (16928) pixels
0xFFFF, 0xFFFF, 0xFFFF, 0xFFFF, 0xFFFF, 0xFFFF, 0xFFFF, 0xFFFF, 0xFFFF, 0xFFFF, 0xFFFF, 0xFFFF, 0xFFFF, 0xFFFF, 0xFFFF, 0xFFFF,   // 0x4230 (16944) pixels
0xFFFF, 0xFFFF, 0xFFFF, 0xFFFF, 0xFFFF, 0xFFFF, 0xFFFF, 0xFFFF, 0xFFFF, 0xFFFF, 0xFFFF, 0xFFFF, 0xFFFF, 0xFFFF, 0xFFFF, 0xFFFF,   // 0x4240 (16960) pixels
0xFFFF, 0xFFFF, 0xFFFF, 0xFFFF, 0xFFFF, 0xFFFF, 0xFFFF, 0xEF9D, 0xE73C, 0xDEFB, 0xDEDB, 0xDEDA, 0xDEDA, 0xDEDB, 0xDEDB, 0xDEFB,   // 0x4250 (16976) pixels
0xDEDB, 0xE6FB, 0xDEFB, 0xDEFB, 0xDEFB, 0xDEFB, 0xDEFB, 0xDEFB, 0xDEFB, 0xDEFB, 0xEF5D, 0xFFFF, 0xFFFF, 0xFFFF, 0xFFFF, 0xFFFF,   // 0x4260 (16992) pixels
0xFFFF, 0xFFFF, 0xFFFF, 0xFFFF, 0xFFFF, 0xFFFF, 0xFFFF, 0xFFFF, 0xFFFF, 0xFFFF, 0xFFFF, 0xFFFF, 0xFFFF, 0xFFFF, 0xFFFF, 0xFFFF,   // 0x4270 (17008) pixels
0xFFFF, 0xFFFF, 0xFFFF, 0xFFFF, 0xFFFF, 0xFFFF, 0xFFFF, 0xFFFF, 0xFFFF, 0xFFFF, 0xFFFF, 0xFFFF, 0xFFFF, 0xFFFF, 0xFFFF, 0xFFFF,   // 0x4280 (17024) pixels
0xFFFF, 0xFFFF, 0xFFFF, 0xFFFF, 0xFFFF, 0xFFFF, 0xFFFF, 0xFFFF, 0xFFFF, 0xFFFF, 0xFFFF, 0xFFFF, 0xFFFF, 0xFFFF, 0xFFFF, 0xFFFF,   // 0x4290 (17040) pixels
0xFFFF, 0xFFFF, 0xFFFF, 0xFFFF, 0xFFFF, 0xFFFF, 0xFFFF, 0xFFFF, 0xFFFF, 0xFFFF, 0xFFFF, 0xFFFF, 0xFFFF, 0xFFFF, 0xFFFF, 0xFFFF,   // 0x42A0 (17056) pixels
0xFFFF, 0xFFFF, 0xFFFF, 0xFFFF, 0xFFFF, 0xFFFF, 0xFFFF, 0xFFFF, 0xFFFF, 0xFFFF, 0xFFFF, 0xFFFF, 0xFFFF, 0xFFFF, 0xFFFF, 0xFFFF,   // 0x42B0 (17072) pixels
0xFFFF, 0xFFFF, 0xFFFF, 0xFFFF, 0xFFFF, 0xFFFF, 0xFFFF, 0xFFFF, 0xFFFF, 0xFFFF, 0xFFFF, 0xFFFF, 0xFFFF, 0xFFFF, 0xFFFF, 0xFFFF,   // 0x42C0 (17088) pixels
0xFFFF, 0xFFFF, 0xFFFF, 0xFFFF, 0xFFFF, 0xFFFF, 0xFFFF, 0xFFFF, 0xFFFF, 0xFFFF, 0xFFFF, 0xFFFF, 0xFFFF, 0xFFFF, 0xFFFF, 0xFFFF,   // 0x42D0 (17104) pixels
0xFFFF, 0xFFFF, 0xFFFF, 0xFFFF, 0xFFFF, 0xFFFF, 0xFFFF, 0xFFFF, 0xFFFF, 0xFFFF, 0xFFFF, 0xFFFF, 0xFFFF, 0xFFFF, 0xFFFF, 0xFFFF,   // 0x42E0 (17120) pixels
0xFFFF, 0xFFFF, 0xFFFF, 0xFFFF, 0xFFFF, 0xFFFF, 0xFFFF, 0xFFFF, 0xFFFF, 0xFFFF, 0xFFFF, 0xFFFF, 0xFFFF, 0xFFFF, 0xFFFF, 0xFFFF,   // 0x42F0 (17136) pixels
0xFFFF, 0xFFFF, 0xFFFF, 0xFFFF, 0xFFFF, 0xFFFF, 0xFFFF, 0xFFFF, 0xFFFF
};
